,0,1,2,3,4,c_m,o_m,c_c,c_h,c_o,o_h,5,6,7,8,9,10,11,12,13,14,15,16,17,18,19,20,21,22,23,24,25,26,27,28,29,30,31,32,33,34,35,36,37,38,39,40,41,42,43,44
0,Pd,CH2C,4.8039,0.6121,2.134,2,0,1,2,0,0,7.075521033686976,0.0,0.0,3.839651446527101,3.8319050895736377,0.12867075865132552,0.12837334801750622,0.0,0.0,0.0,0.0,0.0,0.0,0.0,0.0,0.0,0.0,0.0,0.0,0.0,0.0,0.0,0.0,0.0,0.0,0.0,0.0,0.0,0.0,0.0,0.0,0.0,0.0,0.0,0.0,0.0,0.0,0.0,0.0,0.0
1,Pd,CH2CH,4.8039,0.6121,2.134,2,0,1,3,0,0,5.665954547636418,0.0,0.0,3.7143085911577467,3.7140981475855046,3.675444913704972,0.12296123582806595,0.12240020530582126,0.105339998582696,0.0,0.0,0.0,0.0,0.0,0.0,0.0,0.0,0.0,0.0,0.0,0.0,0.0,0.0,0.0,0.0,0.0,0.0,0.0,0.0,0.0,0.0,0.0,0.0,0.0,0.0,0.0,0.0,0.0,0.0,0.0
2,Pd,CH2CH2,4.8039,0.6121,2.134,2,0,1,4,0,0,5.746966177946413,0.0,0.0,3.8062733027439313,3.7919801279520584,3.787437619053928,3.7807309863230847,0.1243928359758616,0.12439068731450913,0.12407911971266535,0.12390415872008448,0.0,0.0,0.0,0.0,0.0,0.0,0.0,0.0,0.0,0.0,0.0,0.0,0.0,0.0,0.0,0.0,0.0,0.0,0.0,0.0,0.0,0.0,0.0,0.0,0.0,0.0,0.0,0.0,0.0
3,Pd,CH2CHCO,4.8039,0.6121,2.134,3,1,2,3,1,0,5.835410791612732,5.523425768940044,0.3446985751594477,3.8375258088365753,3.7851057152685534,3.7524748920882423,0.13113190068692349,0.1249559823282957,0.12392958780440712,0.11754467761882866,0.03543327524568515,0.011798045230026966,0.0,0.0,0.0,0.0,0.0,0.0,0.0,0.0,0.0,15.63675186048738,0.5661287285751059,0.07389546945557726,0.0,0.0,0.0,0.0537934158572849,0.009476161327475544,0.004323312588393246,0.0,0.0,0.0,0.0,0.0,0.0,0.0,0.0,0.0,0.0
4,Pd,CH2CHCOOH,4.8039,0.6121,2.134,2,0,2,3,2,1,5.551401646528552,5.272883472654488,0.3746172026130859,3.837031620474361,3.8151324230246164,3.785255852327226,0.24693907259754386,0.12793957492536634,0.12592530947382988,0.12424131297406275,0.12006577566281634,0.04880318092040365,0.018022943675941608,0.013446193077360316,0.003904676248800719,0.0,0.0,0.0,0.0,0.0,0.0,15.772441168851552,10.514059512898935,0.6445521257155452,0.5848892526835895,0.22488070122343454,0.07741450300409097,8.830603775892625,0.12645797058129396,0.08257811090984417,0.06564239850498317,0.01961792206408431,0.009724576451467357,0.008253173911179744,0.005288868966651664,0.0,0.0,0.0,0.0,1.0730556843092174
5,Pd,CH3C,4.8039,0.6121,2.134,1,0,1,3,0,0,4.933079144639341,0.0,0.0,3.7088104050501305,3.7043407741688776,3.693584507189827,0.1351585652581666,0.1340537963210663,0.1330184693551843,0.0,0.0,0.0,0.0,0.0,0.0,0.0,0.0,0.0,0.0,0.0,0.0,0.0,0.0,0.0,0.0,0.0,0.0,0.0,0.0,0.0,0.0,0.0,0.0,0.0,0.0,0.0,0.0,0.0,0.0,0.0
6,Pd,CH3CCO,4.8039,0.6121,2.134,2,0,2,3,1,0,5.612405611792285,4.615045725889731,0.3493629543721487,3.724854956816335,3.6960308023101636,3.695590782834461,0.13102578818694444,0.13095783803295047,0.122865629394953,0.03560245699257974,0.03376375968590632,0.011967266849253309,0.0,0.0,0.0,0.0,0.0,0.0,0.0,0.0,0.0,18.528408069239852,0.5323740029209921,0.18505920627248368,0.0,0.0,0.0,0.032745260257463014,0.02948823479030756,0.006792200875202695,0.0,0.0,0.0,0.0,0.0,0.0,0.0,0.0,0.0,0.0
7,Pd,CH3CCOO,4.8039,0.6121,2.134,1,1,2,3,2,0,4.654062974394117,4.346198519754248,0.3608354354570594,3.712362272350248,3.692457663027581,3.418040996080732,0.13045996985171654,0.13015721615313025,0.10899467534566364,0.03864788723801027,0.037027522285190594,0.011049644974685668,0.0,0.0,0.0,0.0,0.0,0.0,0.0,0.0,0.0,16.950703256774396,12.267956205457368,0.6350433938373321,0.5253209401949486,0.3392212032271223,0.06579796565600435,0.06488098009801026,0.061890254126344114,0.009960322889420763,0.00790995216710695,0.007631501784849187,0.0036352971477800014,0.0,0.0,0.0,0.0,0.0,0.0,1.1973922998713369
8,Pd,CH3CCOOH,4.8039,0.6121,2.134,1,1,2,3,2,1,5.1915464206630855,4.519186869116004,0.3805181093246819,3.700747510001357,3.7004870419337488,3.489186755973543,0.2501049211973438,0.12591458471516706,0.12537292409359754,0.1119813377790264,0.03764318617101525,0.03748339653632287,0.01767222299364874,0.011840692900037891,0.009747082859629058,0.0,0.0,0.0,0.0,0.0,0.0,15.391289262251988,10.539400026092267,0.6194216248445089,0.5428055065958467,0.3784860084476522,0.06940624809752056,8.799389988972239,0.14884940635146188,0.07315250338427293,0.06836680937390384,0.01081694496826775,0.008278956798812891,0.008044505990607298,0.0037974088419871687,0.0,0.0,0.0,0.0,1.1660050946686589
9,Pd,CH3CH,4.8039,0.6121,2.134,1,0,1,4,0,0,4.771046392145025,0.0,0.0,3.6889284284124586,3.649656387972349,3.6484921621883073,3.5401679489391453,0.13446746953871944,0.13435558792590294,0.1262735530135422,0.1183663279114147,0.0,0.0,0.0,0.0,0.0,0.0,0.0,0.0,0.0,0.0,0.0,0.0,0.0,0.0,0.0,0.0,0.0,0.0,0.0,0.0,0.0,0.0,0.0,0.0,0.0,0.0,0.0,0.0,0.0
10,Pd,CH3CH2,4.8039,0.6121,2.134,1,0,1,5,0,0,4.6317022071720695,0.0,0.0,3.734581456242597,3.7322920733691785,3.7096599026205865,3.698341393079988,3.6147135688770087,0.13139869942363486,0.12257662016746775,0.12249771133697815,0.11858791186789615,0.11830474077501008,0.0,0.0,0.0,0.0,0.0,0.0,0.0,0.0,0.0,0.0,0.0,0.0,0.0,0.0,0.0,0.0,0.0,0.0,0.0,0.0,0.0,0.0,0.0,0.0,0.0,0.0,0.0
11,Pd,CH3CH2CO,4.8039,0.6121,2.134,1,1,2,5,1,0,4.3298111628793015,4.276426961729668,0.3286808341187035,3.7812600949781836,3.7598426525142057,3.755741556464197,3.662591245638005,3.657497884589705,0.1420801454069026,0.12974957031848486,0.1278192328395155,0.1216862841824398,0.12167342580231184,0.12128657278487327,0.11983828654695025,0.033974111991319535,0.031828676780989225,0.011528758683016593,0.0,0.0,0.0,14.90976963677148,0.5886493748774001,0.2096911623396554,0.0,0.0,0.0,0.05258939727341569,0.050570645017722564,0.02088001983638088,0.02064333014779309,0.007999527790932128,0.0,0.0,0.0,0.0,0.0,0.0,0.0,0.0
12,Pd,CH3CH2COO,4.8039,0.6121,2.134,0,2,2,5,2,0,4.428171151368826,4.381897271790384,0.3226206778868241,3.7708014973789985,3.7674092886587154,3.7657774856933766,3.7107353089504334,3.697734579586899,0.14258512238660753,0.14091670442106752,0.12669559090520013,0.12287594945379793,0.12276761082893033,0.12148886790248035,0.12074369344272115,0.032244379281122636,0.031964298106610035,0.01136425158266571,0.0,0.0,0.0,14.289492599017516,14.067392089492445,0.6404046070672458,0.6142140701709776,0.29855533655651945,0.06791426815171024,0.06928884871958108,0.06510470989631484,0.05433656308481405,0.050114468176059496,0.029088007368758582,0.027305956976319563,0.009489242890273844,0.007536990145363544,0.00736457566677287,0.004219658111937981,0.0,0.0,1.0270072361030136
13,Pd,CH3CH2COOH,4.8039,0.6121,2.134,0,0,2,5,2,1,4.791931288093079,4.381468536596992,0.317042181090648,3.776140977057617,3.7733751896056313,3.7634975171942515,3.6225605600998234,3.6087141631295223,0.2509631169826469,0.15139006343577238,0.15106680180184698,0.12951915043700618,0.12164351038914176,0.1215239141159572,0.11927736272478948,0.11902522979416925,0.03056331049393426,0.03024631386005483,0.017189272720096127,0.011514916113879605,0.008230193954480925,16.667969892412938,10.724583206871145,0.6048469667826135,0.564019948602237,0.30065992143283765,0.06500472990053105,8.771944462487442,0.137608141834319,0.057000779629841215,0.056828575955923485,0.052516702457758746,0.05108336549254657,0.027310125123090983,0.02713873419623213,0.009543636614988235,0.007264304069131013,0.007235136885796184,0.004017012100872981,1.1433545656689206
14,Pd,CH3CH3,4.8039,0.6121,2.134,0,0,1,6,0,0,4.38587312451764,0.0,0.0,3.756253224964641,3.7511226419973536,3.7409156439922575,3.6820369743330814,3.673857155164221,3.5535053663881846,0.12129078782843028,0.12124832230377515,0.12076149928710915,0.12062383007809516,0.12056532144045885,0.12004621502740545,0.0,0.0,0.0,0.0,0.0,0.0,0.0,0.0,0.0,0.0,0.0,0.0,0.0,0.0,0.0,0.0,0.0,0.0,0.0,0.0,0.0,0.0,0.0,0.0,0.0
15,Pd,CH3CHCO,4.8039,0.6121,2.134,2,0,2,4,1,0,4.956955030887056,4.411290845406741,0.3611918263256127,3.798003167580785,3.7093221475349627,3.685755686637877,3.638728434821045,0.14464671874171514,0.1278467806719666,0.1254011705887127,0.12140112674160335,0.11461154404331238,0.03645770523604766,0.0359862797811942,0.012183107064584527,0.0,0.0,0.0,0.0,0.0,0.0,18.927256426516372,0.5358348310673067,0.17258019241242814,0.0,0.0,0.0,0.03991481084381772,0.037944737059532524,0.020119944997277203,0.006750258374483908,0.0,0.0,0.0,0.0,0.0,0.0,0.0,0.0,0.0
16,Pd,CH3CHCOO,4.8039,0.6121,2.134,1,2,2,4,2,0,5.033986320261423,4.746246636264257,0.3180437423457537,3.7909998435352836,3.736580748028437,3.7248915518748977,3.6202662387911375,0.13412898927385544,0.12876553220369202,0.1270825451277436,0.12579003953147086,0.11626863715891304,0.03603220382425187,0.025822365963737243,0.011528386715046114,0.0,0.0,0.0,0.0,0.0,0.0,13.111060143290498,12.782827811647874,0.6187718130011921,0.5988112670881659,0.22644537781196775,0.06897830490441174,0.07727385453021175,0.06425016641660644,0.020807139432229657,0.02000899812344336,0.008487505740630874,0.008169382565116836,0.007253100382398432,0.004171592495948238,0.0,0.0,0.0,0.0,1.040898042824076
17,Pd,CH3CHCOOH,4.8039,0.6121,2.134,1,0,2,4,2,1,5.25539999880342,4.5391032022721705,0.3369144827382326,3.775509770209361,3.728380272128946,3.6573730587648696,3.6554807053746874,0.2501641723816846,0.14954559558806152,0.1272838504167125,0.12707313287075508,0.12268357990410556,0.1165520646788296,0.0323631081934754,0.032126194543767285,0.017796021162084612,0.011852685526728366,0.008494519795215733,0.0,0.0,0.0,15.354772457084687,10.611751948380217,0.6271091489192189,0.5641860805884474,0.31311086398850524,0.06576029032307792,8.795830037982695,0.13913806221662448,0.05919287070844754,0.058522801234932115,0.05134668724575904,0.02522186392800664,0.009765945920482378,0.007623879554488244,0.007168538216824678,0.0039898684554695646,0.0,0.0,1.1225469404577553
18,Pd,CHCH,4.8039,0.6121,2.134,2,0,1,2,0,0,7.650412565405202,0.0,0.0,3.8274873859639595,3.827106273586816,0.11236472614150682,0.11231113964784308,0.0,0.0,0.0,0.0,0.0,0.0,0.0,0.0,0.0,0.0,0.0,0.0,0.0,0.0,0.0,0.0,0.0,0.0,0.0,0.0,0.0,0.0,0.0,0.0,0.0,0.0,0.0,0.0,0.0,0.0,0.0,0.0,0.0
19,Pd,CHCHCO,4.8039,0.6121,2.134,3,0,2,2,1,0,5.687539052037635,4.958913128283423,0.34259918154292385,3.7386630299600636,3.646303060306497,0.12843186502207085,0.1174402852023648,0.11712678285495592,0.015422985514284988,0.0,0.0,0.0,0.0,0.0,0.0,0.0,0.0,0.0,0.0,0.0,0.0,18.742352604321233,0.5723816751284031,0.08788005036811236,0.0,0.0,0.0,0.0579334122102725,0.00718639589730781,0.0,0.0,0.0,0.0,0.0,0.0,0.0,0.0,0.0,0.0,0.0
20,Pd,CHCHCOOH,4.8039,0.6121,2.134,2,0,2,2,2,1,5.384540335073793,5.257688007662347,0.3168109542241229,3.763240965193166,3.685052647945218,0.2501117233182296,0.1350871695764758,0.12490733342070658,0.10977505952985032,0.01864056511313926,0.01844179182873725,0.003571040586382386,0.0,0.0,0.0,0.0,0.0,0.0,0.0,0.0,0.0,15.558084296335302,10.480122639343136,0.6675031763884285,0.5471046415114699,0.16875016452457647,0.07195002429470038,8.806134830018767,0.13516236765043235,0.09800499976529076,0.019855685179614804,0.012239008129998022,0.006689588750110477,0.0,0.0,0.0,0.0,0.0,0.0,1.1007366732210009
21,Pd,CO,4.8039,0.6121,2.134,1,0,0,0,1,0,0.0,0.0,0.0,0.0,0.0,0.0,0.0,0.0,0.0,0.0,0.0,0.0,0.0,0.0,0.0,0.0,0.0,0.0,0.0,0.0,0.0,20.052430479990104,0.0,0.0,0.0,0.0,0.0,0.0,0.0,0.0,0.0,0.0,0.0,0.0,0.0,0.0,0.0,0.0,0.0,0.0
22,Pd,CO2,4.8039,0.6121,2.134,0,0,0,0,2,0,0.0,0.0,0.0,0.0,0.0,0.0,0.0,0.0,0.0,0.0,0.0,0.0,0.0,0.0,0.0,0.0,0.0,0.0,0.0,0.0,0.0,21.3889937124346,21.282730007055488,0.0,0.0,0.0,0.0,0.0,0.0,0.0,0.0,0.0,0.0,0.0,0.0,0.0,0.0,0.0,0.0,0.889004273711458
23,Pd,COOH,4.8039,0.6121,2.134,1,0,0,0,2,1,0.0,0.0,0.0,0.24530944554131365,0.0,0.0,0.0,0.0,0.0,0.0,0.0,0.0,0.0,0.0,0.0,0.0,0.0,0.0,0.0,0.0,0.0,16.055087868646623,10.993336870262103,0.0,0.0,0.0,0.0,8.557791075112153,0.12769279190309735,0.0,0.0,0.0,0.0,0.0,0.0,0.0,0.0,0.0,0.0,1.1087278493628847
24,Pd,H2O,4.8039,0.6121,2.134,0,0,0,0,0,2,0.0,0.0,0.0,0.0,0.0,0.0,0.0,0.0,0.0,0.0,0.0,0.0,0.0,0.0,0.0,0.0,0.0,0.0,0.0,0.0,0.0,0.0,0.0,0.0,0.0,0.0,0.0,8.939613887169418,8.882479857479783,0.0,0.0,0.0,0.0,0.0,0.0,0.0,0.0,0.0,0.0,0.0
25,Pd,OH,4.8039,0.6121,2.134,0,1,0,0,0,1,0.0,0.0,0.0,0.0,0.0,0.0,0.0,0.0,0.0,0.0,0.0,0.0,0.0,0.0,0.0,0.0,0.0,0.0,0.0,0.0,0.0,0.0,0.0,0.0,0.0,0.0,0.0,9.11038670497136,0.0,0.0,0.0,0.0,0.0,0.0,0.0,0.0,0.0,0.0,0.0,0.0
26,Pt,CH2C,4.336672,0.808692,1.84181,2,0,1,2,0,0,6.471913104833858,0.0,0.0,3.8620152213843597,3.859961717337603,0.12523635640237707,0.12507654034688406,0.0,0.0,0.0,0.0,0.0,0.0,0.0,0.0,0.0,0.0,0.0,0.0,0.0,0.0,0.0,0.0,0.0,0.0,0.0,0.0,0.0,0.0,0.0,0.0,0.0,0.0,0.0,0.0,0.0,0.0,0.0,0.0,0.0
27,Pt,CH2CH,4.336672,0.808692,1.84181,2,0,1,3,0,0,5.24282672117481,0.0,0.0,3.7405089807964123,3.739223044610661,3.720606856282196,0.12316021306212074,0.12292422968485665,0.10610939746703534,0.0,0.0,0.0,0.0,0.0,0.0,0.0,0.0,0.0,0.0,0.0,0.0,0.0,0.0,0.0,0.0,0.0,0.0,0.0,0.0,0.0,0.0,0.0,0.0,0.0,0.0,0.0,0.0,0.0,0.0,0.0
28,Pt,CH2CH2,4.336672,0.808692,1.84181,2,0,1,4,0,0,4.998873867083986,0.0,0.0,3.795455981329309,3.7945797235638303,3.7936661882574496,3.791588715388182,0.12139172688131525,0.12129542597692668,0.12118206770219606,0.12109390804625825,0.0,0.0,0.0,0.0,0.0,0.0,0.0,0.0,0.0,0.0,0.0,0.0,0.0,0.0,0.0,0.0,0.0,0.0,0.0,0.0,0.0,0.0,0.0,0.0,0.0,0.0,0.0,0.0,0.0
29,Pt,CH2CHCO,4.336672,0.808692,1.84181,3,1,2,3,1,0,5.470038379210231,5.096008017149188,0.3374352202929596,3.8242061072522784,3.790695775525161,3.764610805921496,0.1286291588093125,0.12444999634731915,0.12351676278611695,0.11025673200369028,0.035009415697452285,0.011815075905814015,0.0,0.0,0.0,0.0,0.0,0.0,0.0,0.0,0.0,14.235028731669006,0.5876573717985317,0.07039767916163295,0.0,0.0,0.0,0.06132932044238652,0.0090778918190529,0.0042723468990106366,0.0,0.0,0.0,0.0,0.0,0.0,0.0,0.0,0.0,0.0
30,Pt,CH2CHCOOH,4.336672,0.808692,1.84181,2,0,2,3,2,1,5.132322131990973,4.759039274323173,0.3833852330600713,3.8150225660651036,3.811617585797335,3.7718667243345383,0.2496996618093933,0.13070328409568766,0.12564550975200175,0.11928101043855165,0.11643908438119452,0.05483733633653118,0.01762999613501288,0.0143532346576893,0.004186111938356144,0.0,0.0,0.0,0.0,0.0,0.0,15.553504907828133,11.005393740757127,0.6290937224983485,0.5757479506735731,0.22230981053377055,0.08405365920872555,8.756662937058822,0.1317998670891032,0.08608806845576271,0.06220879560661805,0.02002448419437412,0.012489760651409129,0.008259284433547582,0.0060680821751548895,0.0,0.0,0.0,0.0,1.1162999336869797
31,Pt,CH3C,4.336672,0.808692,1.84181,1,0,1,3,0,0,4.915141290086955,0.0,0.0,3.722174819548562,3.716682815719681,3.7164952160871674,0.13449585080343152,0.13443578107836973,0.1341758043470645,0.0,0.0,0.0,0.0,0.0,0.0,0.0,0.0,0.0,0.0,0.0,0.0,0.0,0.0,0.0,0.0,0.0,0.0,0.0,0.0,0.0,0.0,0.0,0.0,0.0,0.0,0.0,0.0,0.0,0.0,0.0
32,Pt,CH3CCO,4.336672,0.808692,1.84181,2,0,2,3,1,0,5.124187394427478,4.617917719680984,0.34479291430429965,3.7665325513104926,3.702022923632682,3.7002623380302397,0.1319550771200681,0.13190338587345252,0.12402531242512765,0.03564146989707801,0.03470319017485445,0.011786495594809049,0.0,0.0,0.0,0.0,0.0,0.0,0.0,0.0,0.0,18.7671470168454,0.5452725313665034,0.20603139908667806,0.0,0.0,0.0,0.037048663808164434,0.034505094998609286,0.00732324621421775,0.0,0.0,0.0,0.0,0.0,0.0,0.0,0.0,0.0,0.0
33,Pt,CH3CCOO,4.336672,0.808692,1.84181,1,1,2,3,2,0,4.598104129425137,4.2867085541045284,0.369600993099636,3.7229754400012793,3.7176908397156505,3.475386662141958,0.12911115291838401,0.12890085780230345,0.11485771497062475,0.039027146120339945,0.03831503883779744,0.011443153731319815,0.0,0.0,0.0,0.0,0.0,0.0,0.0,0.0,0.0,17.155564946865386,11.960089090022098,0.6223763965800629,0.5124689399868202,0.34572304163151857,0.0657967110482272,0.0664105307398859,0.06244889535854986,0.010158906781677182,0.007827214316763233,0.007791519535641534,0.003689430157018743,0.0,0.0,0.0,0.0,0.0,0.0,1.2158066342020963
34,Pt,CH3CCOOH,4.336672,0.808692,1.84181,1,1,2,3,2,1,5.152217222571854,4.45512483875365,0.3871924754683779,3.7199048517257705,3.717667315230764,3.5623510633551603,0.24993248720831174,0.124868678307186,0.12469343664944928,0.11693620858585048,0.038360438609971036,0.038145500203067284,0.01745301437518731,0.012211728368565664,0.009811517074659843,0.0,0.0,0.0,0.0,0.0,0.0,15.132962128092293,10.906178031686752,0.6140537345375051,0.5386972251686418,0.38286039470586186,0.06965886358986415,8.768942739346375,0.15092011247761905,0.07311552717536395,0.06938873615232206,0.010983871677533029,0.008265484733774751,0.00817693417036941,0.003868093887706995,0.0,0.0,0.0,0.0,1.1952573365676222
35,Pt,CH3CH,4.336672,0.808692,1.84181,1,0,1,4,0,0,4.72787933005286,0.0,0.0,3.7025415208025514,3.674739525743451,3.673283932096731,3.637453053022128,0.13365762209358167,0.13350139684979964,0.1270109501733081,0.11748282102786466,0.0,0.0,0.0,0.0,0.0,0.0,0.0,0.0,0.0,0.0,0.0,0.0,0.0,0.0,0.0,0.0,0.0,0.0,0.0,0.0,0.0,0.0,0.0,0.0,0.0,0.0,0.0,0.0,0.0
36,Pt,CH3CH2,4.336672,0.808692,1.84181,1,0,1,5,0,0,4.576427832303306,0.0,0.0,3.757022201253687,3.7569416349668265,3.7323780276734895,3.7250934926575368,3.622907911338035,0.1339513662594114,0.12207202048651447,0.12205926583888588,0.12137561419919753,0.12133242150128355,0.0,0.0,0.0,0.0,0.0,0.0,0.0,0.0,0.0,0.0,0.0,0.0,0.0,0.0,0.0,0.0,0.0,0.0,0.0,0.0,0.0,0.0,0.0,0.0,0.0,0.0,0.0
37,Pt,CH3CH2CO,4.336672,0.808692,1.84181,1,1,2,5,1,0,4.3932874305330065,4.254659913598848,0.3374748258352686,3.7784575124966446,3.761204742015575,3.758743616802713,3.738648366253007,3.6728214614539128,0.14178457872946407,0.1326327649126263,0.12685981784900532,0.12200229523519544,0.12147270736435845,0.12124091787804757,0.1202869710408942,0.03482025646840378,0.033015757236393946,0.011686503015336084,0.0,0.0,0.0,13.378173877261805,0.6163626264050192,0.2107812556197324,0.0,0.0,0.0,0.05914503341118105,0.0549570243599136,0.020880628921771404,0.019572584385297874,0.008210026073730703,0.0,0.0,0.0,0.0,0.0,0.0,0.0,0.0
38,Pt,CH3CH2COO,4.336672,0.808692,1.84181,0,2,2,5,2,0,4.467678437205884,4.377075990582552,0.3218511215792581,3.7795670737275016,3.776317048195194,3.763790920089785,3.713021267927565,3.699127467050435,0.14447884068368128,0.142378055186279,0.12807841852900906,0.12246868900660796,0.1222955115012594,0.12143877218208655,0.12050883698654045,0.03190680231694066,0.03160817914673483,0.011419586442974037,0.0,0.0,0.0,14.187357327142182,13.982930518854447,0.6476468399669993,0.6178351823388384,0.29848822259798125,0.0679722605483015,0.07055868793197571,0.06651746632665735,0.053696022671917115,0.04962339193582772,0.02930007332792318,0.027472500124154857,0.009501706366689708,0.007479941531188225,0.007321550796661021,0.004259762568776182,0.0,0.0,1.0097079253996164
39,Pt,CH3CH2COOH,4.336672,0.808692,1.84181,0,0,2,5,2,1,4.839612604780486,4.377423523714215,0.3207457717754073,3.7777896235952135,3.777356809246226,3.7682883475176965,3.6373803656104715,3.6319445209041,0.2508924712414776,0.1522612584997919,0.15184392725694118,0.1298185015518944,0.1214957488815253,0.12134749668250555,0.11916627885696368,0.1189566150886872,0.030769249224889737,0.030631767255369674,0.017248116790629448,0.0116138018027409,0.008315300432801565,16.378997340338508,10.880850277971012,0.6106161752113217,0.5530520434785761,0.3053118821139567,0.06468838828218218,8.753894854788292,0.1416232743861046,0.05592027796256573,0.05527581243274793,0.053293578409953184,0.05175085983469006,0.027667576459583072,0.02719537944000013,0.0096523531908597,0.007256415156567527,0.0072319586460246965,0.003987493674496036,1.1686928398828702
40,Pt,CH3CH3,4.336672,0.808692,1.84181,0,0,1,6,0,0,4.382721033399703,0.0,0.0,3.7477314653623037,3.746611809087996,3.734597978842221,3.725516112120524,3.7235055907583363,3.5139498785344268,0.12180337757022568,0.12160976224111475,0.12154506370750172,0.12077786610602405,0.11971818661924168,0.11961560921567538,0.0,0.0,0.0,0.0,0.0,0.0,0.0,0.0,0.0,0.0,0.0,0.0,0.0,0.0,0.0,0.0,0.0,0.0,0.0,0.0,0.0,0.0,0.0,0.0,0.0
41,Pt,CH3CHCO,4.336672,0.808692,1.84181,2,0,2,4,1,0,4.575852732615652,4.425728856060159,0.3479024623188212,3.7848206982423993,3.756876503193963,3.688801032173477,3.674397998800705,0.14544381312261276,0.13089278790012465,0.12641015263713695,0.12135687771037487,0.12043117783627245,0.03719793677230838,0.033925086039411086,0.011840547764634576,0.0,0.0,0.0,0.0,0.0,0.0,18.97478366082966,0.5497195628341108,0.19025133846451603,0.0,0.0,0.0,0.04523661839936957,0.042451039196422964,0.021522176774782232,0.0072635288867673314,0.0,0.0,0.0,0.0,0.0,0.0,0.0,0.0,0.0
42,Pt,CH3CHCOO,4.336672,0.808692,1.84181,1,2,2,4,2,0,5.004032442743751,4.670242186145656,0.3217410051233513,3.802658078431999,3.7564722039961516,3.7555243958872415,3.6460307844074715,0.1341657260866186,0.1318548614026024,0.12772661935045074,0.12479274715346972,0.11816169508731253,0.035803964843780026,0.02710532052046256,0.011608439380330871,0.0,0.0,0.0,0.0,0.0,0.0,12.970810291464671,12.672335969740073,0.6101163645435892,0.5931628969336751,0.2263520664925956,0.06945904666657188,0.0780866243869758,0.06315953047969754,0.021310893991527472,0.02018575507212613,0.008550038149008768,0.008481929475316065,0.007211063017768161,0.00418298871069033,0.0,0.0,0.0,0.0,1.0386758015072877
43,Pt,CH3CHCOOH,4.336672,0.808692,1.84181,1,0,2,4,2,1,5.041192816630619,4.468913661091752,0.3422340550597867,3.772305802053869,3.762558668171159,3.679249275666576,3.6472547226496617,0.25157629777513435,0.15665986621350836,0.12855699609085325,0.1261281582070437,0.12214259559861584,0.12119004199449318,0.035149233511945266,0.031391230926326286,0.017418407170636814,0.01197892077281305,0.00866196859892508,0.0,0.0,0.0,15.23102022098282,10.999913519964142,0.6150160588600584,0.5458616869998052,0.32250778597652824,0.0656686497459594,8.751483181301893,0.14396458000721546,0.06325312616629981,0.05686273082128556,0.05179683733045775,0.028161369568098726,0.010004952606409215,0.007895148736122806,0.007106604813533981,0.003970161927720046,0.0,0.0,1.1649307732155665
44,Pt,CHCH,4.336672,0.808692,1.84181,2,0,1,2,0,0,6.951161176180433,0.0,0.0,3.843774340092721,3.843562704559827,0.11328994894368458,0.11328428809369162,0.0,0.0,0.0,0.0,0.0,0.0,0.0,0.0,0.0,0.0,0.0,0.0,0.0,0.0,0.0,0.0,0.0,0.0,0.0,0.0,0.0,0.0,0.0,0.0,0.0,0.0,0.0,0.0,0.0,0.0,0.0,0.0,0.0
45,Pt,CHCHCO,4.336672,0.808692,1.84181,3,0,2,2,1,0,5.042033223170456,4.4555304103876265,0.33906529480077674,3.73435831912108,3.7254737608647965,0.12282694414852975,0.11442283948868588,0.1093718965041256,0.01885924745085513,0.0,0.0,0.0,0.0,0.0,0.0,0.0,0.0,0.0,0.0,0.0,0.0,19.008095316643004,0.5589133483288291,0.09796849433277373,0.0,0.0,0.0,0.057975826597380216,0.010151436938428151,0.0,0.0,0.0,0.0,0.0,0.0,0.0,0.0,0.0,0.0,0.0
46,Pt,CHCHCOOH,4.336672,0.808692,1.84181,2,0,2,2,2,1,4.939974363906313,4.804384401186751,0.32817679741096223,3.7655585312524016,3.7141943174564735,0.24775211962029994,0.1397062033436755,0.1255913062878967,0.10730815636480692,0.023477685145178447,0.017803169947761162,0.004199599534223863,0.0,0.0,0.0,0.0,0.0,0.0,0.0,0.0,0.0,15.790655076054206,10.901066115773359,0.6521165579350846,0.5255414285243628,0.1422273589888476,0.09177719987189373,8.744180146804693,0.13924335527796694,0.10163175621448252,0.020287634046662208,0.01181050407816149,0.011265477209923259,0.0,0.0,0.0,0.0,0.0,0.0,1.1574262709673728
47,Pt,CO,4.336672,0.808692,1.84181,1,0,0,0,1,0,0.0,0.0,0.0,0.0,0.0,0.0,0.0,0.0,0.0,0.0,0.0,0.0,0.0,0.0,0.0,0.0,0.0,0.0,0.0,0.0,0.0,19.703002031046637,0.0,0.0,0.0,0.0,0.0,0.0,0.0,0.0,0.0,0.0,0.0,0.0,0.0,0.0,0.0,0.0,0.0,0.0
48,Pt,CO2,4.336672,0.808692,1.84181,0,0,0,0,2,0,0.0,0.0,0.0,0.0,0.0,0.0,0.0,0.0,0.0,0.0,0.0,0.0,0.0,0.0,0.0,0.0,0.0,0.0,0.0,0.0,0.0,21.33967555331396,21.330576395546693,0.0,0.0,0.0,0.0,0.0,0.0,0.0,0.0,0.0,0.0,0.0,0.0,0.0,0.0,0.0,0.0,0.8889642634880642
49,Pt,COOH,4.336672,0.808692,1.84181,1,0,0,0,2,1,0.0,0.0,0.0,0.2471109494736507,0.0,0.0,0.0,0.0,0.0,0.0,0.0,0.0,0.0,0.0,0.0,0.0,0.0,0.0,0.0,0.0,0.0,15.173250359359148,11.298846767125385,0.0,0.0,0.0,0.0,8.60802474240001,0.13212361356627553,0.0,0.0,0.0,0.0,0.0,0.0,0.0,0.0,0.0,0.0,1.128923075886988
50,Pt,H2O,4.336672,0.808692,1.84181,0,0,0,0,0,2,0.0,0.0,0.0,0.0,0.0,0.0,0.0,0.0,0.0,0.0,0.0,0.0,0.0,0.0,0.0,0.0,0.0,0.0,0.0,0.0,0.0,0.0,0.0,0.0,0.0,0.0,0.0,8.891313965548148,8.885016187507196,0.0,0.0,0.0,0.0,0.0,0.0,0.0,0.0,0.0,0.0,0.0
51,Pt,OH,4.336672,0.808692,1.84181,0,1,0,0,0,1,0.0,0.0,0.0,0.0,0.0,0.0,0.0,0.0,0.0,0.0,0.0,0.0,0.0,0.0,0.0,0.0,0.0,0.0,0.0,0.0,0.0,0.0,0.0,0.0,0.0,0.0,0.0,8.67432909123863,0.0,0.0,0.0,0.0,0.0,0.0,0.0,0.0,0.0,0.0,0.0,0.0
52,Ru,CH2C,3.6412,-0.31956,1.4461600000000001,2,0,1,2,0,0,6.490136107670576,0.0,0.0,3.847005990894013,3.82943224762328,0.12327466226619785,0.12291161772958885,0.0,0.0,0.0,0.0,0.0,0.0,0.0,0.0,0.0,0.0,0.0,0.0,0.0,0.0,0.0,0.0,0.0,0.0,0.0,0.0,0.0,0.0,0.0,0.0,0.0,0.0,0.0,0.0,0.0,0.0,0.0,0.0,0.0
53,Ru,CH2CH,3.6412,-0.31956,1.4461600000000001,2,0,1,3,0,0,6.065886331763747,0.0,0.0,3.8739654908019054,3.8296970916314312,2.4837329100820957,0.1284186097879994,0.12054482364916408,0.12025853855716227,0.0,0.0,0.0,0.0,0.0,0.0,0.0,0.0,0.0,0.0,0.0,0.0,0.0,0.0,0.0,0.0,0.0,0.0,0.0,0.0,0.0,0.0,0.0,0.0,0.0,0.0,0.0,0.0,0.0,0.0,0.0
54,Ru,CH2CH2,3.6412,-0.31956,1.4461600000000001,2,0,1,4,0,0,5.564240322676034,0.0,0.0,3.8758645429976735,3.873716201732106,3.1674986432790475,3.1045340222388815,0.11986050809041746,0.11947565745631115,0.1194281171924124,0.1194127624206882,0.0,0.0,0.0,0.0,0.0,0.0,0.0,0.0,0.0,0.0,0.0,0.0,0.0,0.0,0.0,0.0,0.0,0.0,0.0,0.0,0.0,0.0,0.0,0.0,0.0,0.0,0.0,0.0,0.0
55,Ru,CH2CHCO,3.6412,-0.31956,1.4461600000000001,3,1,2,3,1,0,5.724254417401121,5.694459805910827,0.3599115538810433,3.8414755992818894,3.7582460953594574,3.0058065034734978,0.1275707967547978,0.12195987809473274,0.11942713836654105,0.11312882893750245,0.03439367944697593,0.01194148299771667,0.0,0.0,0.0,0.0,0.0,0.0,0.0,0.0,0.0,12.26710827786654,0.6321370087447237,0.06945373457198932,0.0,0.0,0.0,0.06594789504781286,0.007272206466354095,0.0041756867078983845,0.0,0.0,0.0,0.0,0.0,0.0,0.0,0.0,0.0,0.0
56,Ru,CH2CHCOOH,3.6412,-0.31956,1.4461600000000001,2,0,2,3,2,1,5.8097537081536785,5.287125278957589,0.3543122910324553,3.906827596611902,3.5014060978856234,3.183118778374756,0.2493664560955029,0.13322127209006726,0.12675896574235193,0.12033928267990568,0.11442326659641812,0.04357362522569333,0.01864584984996126,0.013312229646244149,0.0036856486932071108,0.0,0.0,0.0,0.0,0.0,0.0,14.475473302738427,10.758728939515157,0.6658792050127761,0.5768797442187156,0.2067883385729664,0.07181724681609823,8.791302188845242,0.1356259668675023,0.08481309045405873,0.05603821962438293,0.019596466751407117,0.008795189380115758,0.007904526849100566,0.0050643247189115755,0.0,0.0,0.0,0.0,1.1042839289503774
57,Ru,CH3C,3.6412,-0.31956,1.4461600000000001,1,0,1,3,0,0,4.694015446417633,0.0,0.0,3.709943376390181,3.708932454655144,3.707837514553705,0.1286299374232065,0.12858429073589256,0.12835398399310885,0.0,0.0,0.0,0.0,0.0,0.0,0.0,0.0,0.0,0.0,0.0,0.0,0.0,0.0,0.0,0.0,0.0,0.0,0.0,0.0,0.0,0.0,0.0,0.0,0.0,0.0,0.0,0.0,0.0,0.0,0.0
58,Ru,CH3CCO,3.6412,-0.31956,1.4461600000000001,2,0,2,3,1,0,6.073032810832857,4.522406219147974,0.3399810861459781,3.797710702696312,3.7141004942900113,3.713110658888128,0.13042554554259542,0.13031496452905142,0.12062711157494747,0.033487394093203664,0.033101637874173195,0.011925786689005059,0.0,0.0,0.0,0.0,0.0,0.0,0.0,0.0,0.0,13.797344514494185,0.44850944159362666,0.14526907802121553,0.0,0.0,0.0,0.024176752481769502,0.02410603909851476,0.005731354426763672,0.0,0.0,0.0,0.0,0.0,0.0,0.0,0.0,0.0,0.0
59,Ru,CH3CCOO,3.6412,-0.31956,1.4461600000000001,1,1,2,3,2,0,4.616244970232408,4.441707533925366,0.3766082428417328,3.7232674609424152,3.7204723304142213,3.1143348961508592,0.1233832179024193,0.12316310578444692,0.09568236991055976,0.037418914191669816,0.03739385965954113,0.010790403514147626,0.0,0.0,0.0,0.0,0.0,0.0,0.0,0.0,0.0,17.11583472947244,10.993254914461954,0.6191451593318251,0.5468121248662339,0.33265417309368234,0.06595323280398087,0.05889611303843409,0.057923302922690725,0.009542761358005232,0.007532350443433211,0.00746279084531258,0.0034948477500606192,0.0,0.0,0.0,0.0,0.0,0.0,1.1442437952940003
60,Ru,CH3CCOOH,3.6412,-0.31956,1.4461600000000001,1,1,2,3,2,1,5.919569896075011,4.430731571785802,0.3874910859859136,3.7127784426710564,3.7059989008070917,3.2064201669238903,0.24856741387966946,0.12088110350307565,0.12045019726316115,0.09986115995311436,0.03590132887039956,0.03528404422730528,0.0181108474357204,0.011518756509883588,0.009225780658517844,0.0,0.0,0.0,0.0,0.0,0.0,13.960607314565198,10.556138991344717,0.6243459842907723,0.566819505073071,0.34921368524891905,0.06833260029426537,8.838596494978493,0.1526635936949236,0.062163087756321386,0.05758945893194872,0.009963391743884996,0.007656512243081653,0.007616904488595449,0.0036447097314553077,0.0,0.0,0.0,0.0,1.159897613429617
61,Ru,CH3CH,3.6412,-0.31956,1.4461600000000001,1,0,1,4,0,0,4.39676649644626,0.0,0.0,3.7758778402917836,3.6876229707240666,3.6872246923509513,1.984945320241529,0.1567550187095343,0.12465164115497555,0.12350316358362798,0.12344953825113203,0.0,0.0,0.0,0.0,0.0,0.0,0.0,0.0,0.0,0.0,0.0,0.0,0.0,0.0,0.0,0.0,0.0,0.0,0.0,0.0,0.0,0.0,0.0,0.0,0.0,0.0,0.0,0.0,0.0
62,Ru,CH3CH2,3.6412,-0.31956,1.4461600000000001,1,0,1,5,0,0,4.3683126306010225,0.0,0.0,3.778671648492287,3.683950453009413,3.6582660480980516,3.285405100724257,2.8875680836894557,0.1247589502718784,0.1225340631510262,0.12137777637708888,0.1191240322876939,0.10420597936804787,0.0,0.0,0.0,0.0,0.0,0.0,0.0,0.0,0.0,0.0,0.0,0.0,0.0,0.0,0.0,0.0,0.0,0.0,0.0,0.0,0.0,0.0,0.0,0.0,0.0,0.0,0.0
63,Ru,CH3CH2CO,3.6412,-0.31956,1.4461600000000001,1,1,2,5,1,0,4.534115715528572,4.2107073988875685,0.3515625198635076,3.779978257703821,3.777755758226981,3.761703881502127,3.733782173259897,3.663291942236482,0.14176240966696854,0.13351700449794254,0.1243657687943494,0.12259984727619415,0.12085583835532307,0.1207937097212398,0.12071577543482445,0.035740472304354384,0.035212004906910205,0.011914149676113327,0.0,0.0,0.0,14.123085360285273,0.6292368499315759,0.19680947212326907,0.0,0.0,0.0,0.06522780441541133,0.0493276754557852,0.02132423669189093,0.018202187971332343,0.007845568972228927,0.0,0.0,0.0,0.0,0.0,0.0,0.0,0.0
64,Ru,CH3CH2COO,3.6412,-0.31956,1.4461600000000001,0,2,2,5,2,0,4.534746919256956,4.375393946591024,0.3240972146178372,3.7756610559826695,3.77260672633021,3.760165582206634,3.700534799047957,3.695444437411471,0.14356968635450046,0.14349789652969158,0.12698460037000553,0.12244228071769366,0.1224252488243904,0.12129304060733236,0.12101750690104858,0.03216690704852264,0.031776512614737316,0.011444192582336456,0.0,0.0,0.0,14.087957125552279,13.905146407191616,0.6264655326626496,0.5993608074879161,0.2857164338354753,0.06705590156989982,0.06698175678693932,0.06395828205094553,0.05114437271078257,0.04792267234657619,0.028176690563734175,0.027213698318420517,0.009202947202002595,0.007404019587768537,0.007309635913077777,0.004176067439468221,0.0,0.0,1.067895225575376
65,Ru,CH3CH2COOH,3.6412,-0.31956,1.4461600000000001,0,0,2,5,2,1,4.689857156336193,4.340070120402261,0.3230234319993881,3.7893678193793083,3.771780043739552,3.7664918442491824,3.752006968250975,3.6508524762606185,0.23002519799871934,0.1512106507195613,0.1463138808130597,0.12756139243438444,0.12347061146037384,0.12179522656500295,0.1214985284652478,0.11859818280479588,0.03165442444201625,0.03127927110748184,0.015916939211386594,0.011529613840347348,0.007437331012360071,15.620664396437835,12.00799476554512,0.6145607045315755,0.6087163400454809,0.2761838926336694,0.07010182260292055,7.238675246193157,0.10901554268129462,0.07949025537215489,0.062497351671235914,0.0469778672458683,0.0378051273099475,0.03489111000875122,0.022781716128902483,0.009194377673101958,0.00878222860433521,0.0069896916953239956,0.004265316920375527,1.064239067412431
66,Ru,CH3CH3,3.6412,-0.31956,1.4461600000000001,0,0,1,6,0,0,4.3587132159131885,0.0,0.0,3.7422963045807696,3.740167829339041,3.736403603786996,3.7301673502283847,3.7296199550152593,3.653474841840557,0.12132879294295695,0.12124413665525086,0.12116671626341327,0.12086640755655292,0.12034383680162512,0.12019907277969125,0.0,0.0,0.0,0.0,0.0,0.0,0.0,0.0,0.0,0.0,0.0,0.0,0.0,0.0,0.0,0.0,0.0,0.0,0.0,0.0,0.0,0.0,0.0,0.0,0.0
67,Ru,CH3CHCO,3.6412,-0.31956,1.4461600000000001,2,0,2,4,1,0,5.924556602833412,4.609213342644855,0.3226834357911004,3.7715363166880738,3.7643877601703233,3.7623930230573235,3.672511761085497,0.13301625457535113,0.12907993577665844,0.12829527666836024,0.12585768402108047,0.11469490905275093,0.03711277788503512,0.023694946595197386,0.012263826224345895,0.0,0.0,0.0,0.0,0.0,0.0,12.104697341421659,0.6012539574712521,0.227919620789562,0.0,0.0,0.0,0.05984284162596215,0.02286983732962969,0.020531944476054047,0.00840621264550408,0.0,0.0,0.0,0.0,0.0,0.0,0.0,0.0,0.0
68,Ru,CH3CHCOO,3.6412,-0.31956,1.4461600000000001,1,2,2,4,2,0,5.430989794052344,4.549340689002032,0.3348143348787896,3.802318423049026,3.7313386629854426,3.6511422829586833,3.6283309652886553,0.13989039186471772,0.12543463592291346,0.12457082291753732,0.12076057599037494,0.11714834566042184,0.03486074414118212,0.028260571830015967,0.011881346293150841,0.0,0.0,0.0,0.0,0.0,0.0,12.058734784233101,11.926074064016394,0.5877081924960841,0.5854167022234384,0.2337257367944765,0.06791657881706027,0.07473508937421433,0.059951804733718764,0.024442807933202183,0.02036665865206944,0.008423985106720202,0.008291090343236308,0.006872853265325906,0.004090863649214981,0.0,0.0,0.0,0.0,1.0502772211660178
69,Ru,CH3CHCOOH,3.6412,-0.31956,1.4461600000000001,1,0,2,4,2,1,6.0214498794213975,4.527633163097266,0.35961946704566583,3.8347227889322273,3.720074057826288,3.672506331860898,3.647491563722492,0.21761421577277745,0.1443821856820372,0.12547333334350402,0.1253564005837405,0.12104082848429172,0.11485513719836153,0.039328866709096535,0.02807322019537298,0.017747021676559425,0.012645489896734386,0.003818166444519068,0.0,0.0,0.0,14.021761591386662,8.247060742144644,0.5896282809021941,0.5566483646540865,0.20732093178868666,0.06687686859847365,8.543362186682126,0.134093824897872,0.08403559452578632,0.05385928950038914,0.02037394566865325,0.020360937082094764,0.00813059762403339,0.007885167426625865,0.00673792782185902,0.004077378740546911,0.0,0.0,1.0135587740616787
70,Ru,CHCH,3.6412,-0.31956,1.4461600000000001,2,0,1,2,0,0,6.086727546139383,0.0,0.0,3.7883810751556943,3.7253626412589194,0.11768132408138435,0.11662308035585915,0.0,0.0,0.0,0.0,0.0,0.0,0.0,0.0,0.0,0.0,0.0,0.0,0.0,0.0,0.0,0.0,0.0,0.0,0.0,0.0,0.0,0.0,0.0,0.0,0.0,0.0,0.0,0.0,0.0,0.0,0.0,0.0,0.0
71,Ru,CHCHCO,3.6412,-0.31956,1.4461600000000001,3,0,2,2,1,0,5.920951909062821,5.6985608769854235,0.3828109735701784,3.804752660942357,3.2378920343069018,0.13112582258678618,0.1179649488685348,0.11118746378769807,0.012110282648610542,0.0,0.0,0.0,0.0,0.0,0.0,0.0,0.0,0.0,0.0,0.0,0.0,12.364355355637743,0.5975066620105232,0.07094187501528339,0.0,0.0,0.0,0.05990534544335902,0.004125617343781868,0.0,0.0,0.0,0.0,0.0,0.0,0.0,0.0,0.0,0.0,0.0
72,Ru,CHCHCOOH,3.6412,-0.31956,1.4461600000000001,2,0,2,2,2,1,5.753886279051653,5.7342261712966405,0.3418658194211311,3.857971287022013,2.845815682505989,0.2490628063220149,0.1391423356370605,0.13808077470146154,0.11992879454168925,0.01874601362053335,0.013241811254523526,0.0036751651286266772,0.0,0.0,0.0,0.0,0.0,0.0,0.0,0.0,0.0,14.839532447466539,10.756822009991861,0.6795225873976108,0.5597162829979718,0.17988912357662235,0.07360225038386764,8.816721099291707,0.14071011481227608,0.0935775043855124,0.01975457971594376,0.0069506369988822795,0.005532858449096029,0.0,0.0,0.0,0.0,0.0,0.0,1.1356641971732306
73,Ru,CO,3.6412,-0.31956,1.4461600000000001,1,0,0,0,1,0,0.0,0.0,0.0,0.0,0.0,0.0,0.0,0.0,0.0,0.0,0.0,0.0,0.0,0.0,0.0,0.0,0.0,0.0,0.0,0.0,0.0,22.175215139189113,0.0,0.0,0.0,0.0,0.0,0.0,0.0,0.0,0.0,0.0,0.0,0.0,0.0,0.0,0.0,0.0,0.0,0.0
74,Ru,CO2,3.6412,-0.31956,1.4461600000000001,0,0,0,0,2,0,0.0,0.0,0.0,0.0,0.0,0.0,0.0,0.0,0.0,0.0,0.0,0.0,0.0,0.0,0.0,0.0,0.0,0.0,0.0,0.0,0.0,16.154927887751008,15.366344067875266,0.0,0.0,0.0,0.0,0.0,0.0,0.0,0.0,0.0,0.0,0.0,0.0,0.0,0.0,0.0,0.0,0.9286535662785396
75,Ru,COOH,3.6412,-0.31956,1.4461600000000001,1,0,0,0,2,1,0.0,0.0,0.0,0.2437797596564417,0.0,0.0,0.0,0.0,0.0,0.0,0.0,0.0,0.0,0.0,0.0,0.0,0.0,0.0,0.0,0.0,0.0,14.043007928530258,11.004414810517003,0.0,0.0,0.0,0.0,8.530826219801973,0.14325376790228864,0.0,0.0,0.0,0.0,0.0,0.0,0.0,0.0,0.0,0.0,1.1526663778228836
76,Ru,H2O,3.6412,-0.31956,1.4461600000000001,0,0,0,0,0,2,0.0,0.0,0.0,0.0,0.0,0.0,0.0,0.0,0.0,0.0,0.0,0.0,0.0,0.0,0.0,0.0,0.0,0.0,0.0,0.0,0.0,0.0,0.0,0.0,0.0,0.0,0.0,8.80637429204062,8.799004741761435,0.0,0.0,0.0,0.0,0.0,0.0,0.0,0.0,0.0,0.0,0.0
77,Ru,OH,3.6412,-0.31956,1.4461600000000001,0,1,0,0,0,1,0.0,0.0,0.0,0.0,0.0,0.0,0.0,0.0,0.0,0.0,0.0,0.0,0.0,0.0,0.0,0.0,0.0,0.0,0.0,0.0,0.0,0.0,0.0,0.0,0.0,0.0,0.0,9.08618537830103,0.0,0.0,0.0,0.0,0.0,0.0,0.0,0.0,0.0,0.0,0.0,0.0
78,Rh,CH2C,4.26048,0.18933,1.7671400000000002,2,0,1,2,0,0,6.629561828333945,0.0,0.0,3.8431612800827484,3.8430236573737635,0.1250101342838449,0.12498899542311588,0.0,0.0,0.0,0.0,0.0,0.0,0.0,0.0,0.0,0.0,0.0,0.0,0.0,0.0,0.0,0.0,0.0,0.0,0.0,0.0,0.0,0.0,0.0,0.0,0.0,0.0,0.0,0.0,0.0,0.0,0.0,0.0,0.0
79,Rh,CH2CH,4.26048,0.18933,1.7671400000000002,2,0,1,3,0,0,5.407697582148859,0.0,0.0,3.7124593273797206,3.712139578023477,3.674312792434928,0.12098818733105905,0.12094816115669338,0.10417610245466304,0.0,0.0,0.0,0.0,0.0,0.0,0.0,0.0,0.0,0.0,0.0,0.0,0.0,0.0,0.0,0.0,0.0,0.0,0.0,0.0,0.0,0.0,0.0,0.0,0.0,0.0,0.0,0.0,0.0,0.0,0.0
80,Rh,CH2CH2,4.26048,0.18933,1.7671400000000002,2,0,1,4,0,0,6.416602281115222,0.0,0.0,3.860723961704717,3.8597345999319104,3.857635165553413,3.8565872927337934,0.1238594756005258,0.12385203526970474,0.12366691005368664,0.12366027389419396,0.0,0.0,0.0,0.0,0.0,0.0,0.0,0.0,0.0,0.0,0.0,0.0,0.0,0.0,0.0,0.0,0.0,0.0,0.0,0.0,0.0,0.0,0.0,0.0,0.0,0.0,0.0,0.0,0.0
81,Rh,CH2CHCO,4.26048,0.18933,1.7671400000000002,3,1,2,3,1,0,5.695127710323756,5.324632908346249,0.34978348208472765,3.8156438597455513,3.7728234827147182,3.747910464070435,0.12866780093741467,0.1241159492945422,0.12381274681247605,0.1110648181909043,0.035307695550324585,0.011986395383359563,0.0,0.0,0.0,0.0,0.0,0.0,0.0,0.0,0.0,13.735343144443913,0.5695327522409266,0.0704532476507792,0.0,0.0,0.0,0.05694483839287023,0.008973543111639587,0.004198718845917515,0.0,0.0,0.0,0.0,0.0,0.0,0.0,0.0,0.0,0.0
82,Rh,CH2CHCOOH,4.26048,0.18933,1.7671400000000002,2,0,2,3,2,1,5.937621711460063,5.3931707751970235,0.3740640360940696,3.9020919732716144,3.8519048489517393,3.7888610275860484,0.2495309376241295,0.1276110342371296,0.1245622071821494,0.12283773068245445,0.11892937920204183,0.04387648786010157,0.018251296569850826,0.01285480699784562,0.003971379481936722,0.0,0.0,0.0,0.0,0.0,0.0,15.298578136784144,10.832148220343543,0.6593031233189101,0.5702325530751493,0.2062171637128202,0.08050314273909934,8.772697217509092,0.1328565465900084,0.08419197576653474,0.053424725226916416,0.019494978119638184,0.009371216189144776,0.007548021326453022,0.005237392660464151,0.0,0.0,0.0,0.0,1.1083769519697628
83,Rh,CH3C,4.26048,0.18933,1.7671400000000002,1,0,1,3,0,0,4.875080098003457,0.0,0.0,3.7113322759690575,3.7078689536957694,3.7062268782504635,0.1327953432245127,0.13268827525461874,0.13248293835243802,0.0,0.0,0.0,0.0,0.0,0.0,0.0,0.0,0.0,0.0,0.0,0.0,0.0,0.0,0.0,0.0,0.0,0.0,0.0,0.0,0.0,0.0,0.0,0.0,0.0,0.0,0.0,0.0,0.0,0.0,0.0
84,Rh,CH3CCO,4.26048,0.18933,1.7671400000000002,2,0,2,3,1,0,5.565817121955873,4.60043525301726,0.3387527568633207,3.69780884639544,3.6974533021453793,3.697066169047448,0.1299012603022945,0.1298087388540221,0.12128892643229833,0.033992238723482136,0.03250923233551525,0.011703388075590092,0.0,0.0,0.0,0.0,0.0,0.0,0.0,0.0,0.0,18.142387794712445,0.5391219610460402,0.18478985791337565,0.0,0.0,0.0,0.032054348242948165,0.029264686801208962,0.006770053209328217,0.0,0.0,0.0,0.0,0.0,0.0,0.0,0.0,0.0,0.0
85,Rh,CH3CCOO,4.26048,0.18933,1.7671400000000002,1,1,2,3,2,0,4.5551550486737264,4.455445190985276,0.3710992278013725,3.7185006959439235,3.716639452006425,3.1541478034264747,0.12675740353099588,0.1265941130133816,0.09807084741420756,0.03782575785007999,0.037564362021159314,0.010731111392994541,0.0,0.0,0.0,0.0,0.0,0.0,0.0,0.0,0.0,17.00907992605409,11.670265678536785,0.6236588164881767,0.5406089344416899,0.3383538726434701,0.06643413547501009,0.06157786138610991,0.0601756989876334,0.009694062991621592,0.0076704587914690125,0.007664036407763026,0.003520271068013725,0.0,0.0,0.0,0.0,0.0,0.0,1.163878230603668
86,Rh,CH3CCOOH,4.26048,0.18933,1.7671400000000002,1,1,2,3,2,1,5.562396159649632,4.482258100975464,0.38590577770607504,3.7145222769311945,3.707248619156087,3.3124286291572402,0.24889133755419024,0.12324892057010688,0.12278444518775328,0.10534961972554198,0.03655745732891399,0.03649543870566321,0.01781058443138472,0.011678848561613856,0.0094174357638121,0.0,0.0,0.0,0.0,0.0,0.0,14.590998524589295,10.598529102398118,0.6177363050226782,0.5580193158562031,0.36025633460046136,0.06908245081845335,8.806245187077078,0.15090590509447427,0.06569673328354345,0.062153252161148774,0.010283928429127884,0.007948779264867692,0.007812831784146629,0.0037230533955772563,0.0,0.0,0.0,0.0,1.166892503811891
87,Rh,CH3CH,4.26048,0.18933,1.7671400000000002,1,0,1,4,0,0,4.507453999835321,0.0,0.0,3.7684584853921854,3.691946363630701,3.6908751127731674,1.933839070832449,0.150401225669867,0.127310733699044,0.12611920812266644,0.1260318889054272,0.0,0.0,0.0,0.0,0.0,0.0,0.0,0.0,0.0,0.0,0.0,0.0,0.0,0.0,0.0,0.0,0.0,0.0,0.0,0.0,0.0,0.0,0.0,0.0,0.0,0.0,0.0,0.0,0.0
88,Rh,CH3CH2,4.26048,0.18933,1.7671400000000002,1,0,1,5,0,0,4.536661720769448,0.0,0.0,3.723531820906021,3.7233653309654366,3.6847383196826393,3.665730722820102,3.613313859741413,0.12716307327466236,0.122269119656565,0.12226413543567563,0.12059395100506225,0.12022691083112198,0.0,0.0,0.0,0.0,0.0,0.0,0.0,0.0,0.0,0.0,0.0,0.0,0.0,0.0,0.0,0.0,0.0,0.0,0.0,0.0,0.0,0.0,0.0,0.0,0.0,0.0,0.0
89,Rh,CH3CH2CO,4.26048,0.18933,1.7671400000000002,1,1,2,5,1,0,4.3941647117601015,4.251879265762117,0.3355289053526332,3.7744231083045663,3.7608723335103087,3.746190033663644,3.6945584936593754,3.661717943078045,0.13982418818589318,0.1310919011950986,0.12530432577289596,0.12229320653727968,0.12184437568404488,0.12156097732999376,0.12079972950671924,0.03468488979791585,0.03313555477542126,0.011593908353418466,0.0,0.0,0.0,13.06840418718551,0.6075681637211077,0.2089738648965547,0.0,0.0,0.0,0.05715286614597425,0.054667880128831066,0.02051987457627704,0.01974560228078466,0.008110081682433915,0.0,0.0,0.0,0.0,0.0,0.0,0.0,0.0
90,Rh,CH3CH2COO,4.26048,0.18933,1.7671400000000002,0,2,2,5,2,0,4.494801641866794,4.373940021003875,0.3226028691224356,3.777218292892556,3.773216339338243,3.7588465624284666,3.707956905061264,3.696231320234737,0.1437468290183598,0.14239294824164958,0.12718683799799854,0.12239832252851512,0.12231989257753235,0.12160421898482897,0.1208026429200366,0.03202536688268856,0.03166675424641914,0.011410028465838568,0.0,0.0,0.0,14.143891049987358,13.952057628794506,0.635030443561177,0.6059599733930664,0.29017724505067954,0.0674128651400895,0.06858783198757852,0.06463890055641826,0.05226329735055558,0.04833070476300226,0.028724025678263095,0.027158156850174992,0.009305665749137548,0.007446953567282606,0.007299933030226519,0.0042064567015035045,0.0,0.0,1.0436260654445069
91,Rh,CH3CH2COOH,4.26048,0.18933,1.7671400000000002,0,0,2,5,2,1,4.664302400531541,4.331987337073697,0.3231665443882226,3.7901915559485175,3.771130545163362,3.7650039180211,3.758594436434725,3.6562320771750447,0.2298291111606309,0.15048564692048752,0.1458511913596965,0.12737500101733298,0.1235101750143387,0.1217779614787778,0.12146199444211968,0.11860959174785952,0.03179103951977996,0.03132608382715113,0.015950633118206412,0.011519144281798309,0.0074610777112045406,15.74423878651403,11.946998482213298,0.6144610459819013,0.6111441044606125,0.2751065943938361,0.07090683688514929,7.284908106444999,0.10771657931657153,0.08076794799639976,0.06382488523116765,0.045442465484503085,0.039063132411659714,0.0337729636377866,0.02256407257266281,0.009207323299357178,0.009026725031257192,0.007024357905749521,0.0042887285836153664,1.0575741397880594
92,Rh,CH3CH3,4.26048,0.18933,1.7671400000000002,0,0,1,6,0,0,4.3776248386127685,0.0,0.0,3.7467255880564747,3.7415269234990296,3.7347063621594834,3.7307250760549815,3.7063215677053933,3.5671700395396884,0.12156208054250553,0.12131113050667748,0.12124861284137715,0.12067485347866555,0.12012236395079474,0.1200180651435098,0.0,0.0,0.0,0.0,0.0,0.0,0.0,0.0,0.0,0.0,0.0,0.0,0.0,0.0,0.0,0.0,0.0,0.0,0.0,0.0,0.0,0.0,0.0,0.0,0.0
93,Rh,CH3CHCO,4.26048,0.18933,1.7671400000000002,2,0,2,4,1,0,5.867437349574304,4.658329144031592,0.32684388400624265,3.78138143584975,3.780645457541378,3.764649014181016,3.6649475707307375,0.13113520159116293,0.12960693835561626,0.12881476028875588,0.12648917003641308,0.11337372383552953,0.03853450220946067,0.023465816698110074,0.0124366019156568,0.0,0.0,0.0,0.0,0.0,0.0,13.271736337727324,0.5998665465068269,0.22354472558615493,0.0,0.0,0.0,0.059236384145572724,0.021943427761977715,0.020453400290466616,0.008339012636000814,0.0,0.0,0.0,0.0,0.0,0.0,0.0,0.0,0.0
94,Rh,CH3CHCOO,4.26048,0.18933,1.7671400000000002,1,2,2,4,2,0,5.286654670650432,4.646318263421149,0.32598292352102304,3.797853168903124,3.725005435114328,3.7043669121834917,3.643983361792495,0.13517371778882475,0.12928418193374214,0.1265444100686851,0.12390555051829033,0.11673742256379012,0.035993674774460256,0.026394901807918262,0.011760504650750658,0.0,0.0,0.0,0.0,0.0,0.0,12.490985262780793,12.203373186035511,0.6006238412378507,0.5901931370105175,0.2268344952189396,0.06800791482068498,0.07583575857480164,0.06269859821192389,0.02148356083212758,0.02013019302587564,0.008445849135804432,0.008078479711910955,0.007103538062150337,0.0041136674191871204,0.0,0.0,0.0,0.0,1.0456303368800697
95,Rh,CH3CHCOOH,4.26048,0.18933,1.7671400000000002,1,0,2,4,2,1,5.678556096487097,4.544514626137757,0.3563808513074199,3.8153917148853806,3.7090089622778164,3.7009360118152257,3.6442200074274784,0.2335994201276876,0.1405599597534905,0.12682581503970464,0.12547117034100036,0.12223211137922105,0.11616509820348915,0.03962351575886977,0.028321334078418726,0.017666630604574043,0.012448106617844849,0.003764343753793382,0.0,0.0,0.0,14.509078329839015,9.45547534610993,0.6131489658414858,0.5672936264085746,0.20797602181188726,0.07112522853437912,8.564623214074036,0.133630324640483,0.0864980098261181,0.05641920356889865,0.020266665311138115,0.01927570255921194,0.00891998708185744,0.00802204268901435,0.007173596295076517,0.0042163587389416595,0.0,0.0,1.049533851803517
96,Rh,CHCH,4.26048,0.18933,1.7671400000000002,2,0,1,2,0,0,6.984589871904534,0.0,0.0,3.8130606239388367,3.8125905917071687,0.1112620746561134,0.11122062605443248,0.0,0.0,0.0,0.0,0.0,0.0,0.0,0.0,0.0,0.0,0.0,0.0,0.0,0.0,0.0,0.0,0.0,0.0,0.0,0.0,0.0,0.0,0.0,0.0,0.0,0.0,0.0,0.0,0.0,0.0,0.0,0.0,0.0
97,Rh,CHCHCO,4.26048,0.18933,1.7671400000000002,3,0,2,2,1,0,6.095348218621912,5.039377752484409,0.3530243777920691,3.7817465499258183,3.5289931359481,0.1292535644374118,0.11984045902646102,0.11691490370434013,0.012376473159796595,0.0,0.0,0.0,0.0,0.0,0.0,0.0,0.0,0.0,0.0,0.0,0.0,18.142235654351747,0.5925069123764793,0.08270549692411894,0.0,0.0,0.0,0.05653124937632618,0.0051342709605056115,0.0,0.0,0.0,0.0,0.0,0.0,0.0,0.0,0.0,0.0,0.0
98,Rh,CHCHCOOH,4.26048,0.18933,1.7671400000000002,2,0,2,2,2,1,5.7336794229476045,5.632768127348617,0.3324569674007934,3.8487857769402862,2.9507850774197917,0.2489951975824165,0.13693176254510858,0.13233699048970302,0.1224545417221028,0.01871509774765736,0.013150298168986432,0.0036414455766201953,0.0,0.0,0.0,0.0,0.0,0.0,0.0,0.0,0.0,15.17252455694723,10.703537862936717,0.6808632855586825,0.5586096440499062,0.17322532887769712,0.07336756398810132,8.811766661677936,0.13978401375178515,0.09474873097358767,0.01979293367123384,0.006961683014972398,0.005576612385159634,0.0,0.0,0.0,0.0,0.0,0.0,1.1337032695985922
99,Rh,CO,4.26048,0.18933,1.7671400000000002,1,0,0,0,1,0,0.0,0.0,0.0,0.0,0.0,0.0,0.0,0.0,0.0,0.0,0.0,0.0,0.0,0.0,0.0,0.0,0.0,0.0,0.0,0.0,0.0,19.554136475888306,0.0,0.0,0.0,0.0,0.0,0.0,0.0,0.0,0.0,0.0,0.0,0.0,0.0,0.0,0.0,0.0,0.0,0.0
100,Rh,CO2,4.26048,0.18933,1.7671400000000002,0,0,0,0,2,0,0.0,0.0,0.0,0.0,0.0,0.0,0.0,0.0,0.0,0.0,0.0,0.0,0.0,0.0,0.0,0.0,0.0,0.0,0.0,0.0,0.0,17.942533514376407,13.862820855696711,0.0,0.0,0.0,0.0,0.0,0.0,0.0,0.0,0.0,0.0,0.0,0.0,0.0,0.0,0.0,0.0,0.9991531973505046
101,Rh,COOH,4.26048,0.18933,1.7671400000000002,1,0,0,0,2,1,0.0,0.0,0.0,0.2451104234349841,0.0,0.0,0.0,0.0,0.0,0.0,0.0,0.0,0.0,0.0,0.0,0.0,0.0,0.0,0.0,0.0,0.0,14.499600982209598,11.071286973822982,0.0,0.0,0.0,0.0,8.567095686664691,0.1391966045997841,0.0,0.0,0.0,0.0,0.0,0.0,0.0,0.0,0.0,0.0,1.1430378134694077
102,Rh,H2O,4.26048,0.18933,1.7671400000000002,0,0,0,0,0,2,0.0,0.0,0.0,0.0,0.0,0.0,0.0,0.0,0.0,0.0,0.0,0.0,0.0,0.0,0.0,0.0,0.0,0.0,0.0,0.0,0.0,0.0,0.0,0.0,0.0,0.0,0.0,8.858711653622924,8.841539469299173,0.0,0.0,0.0,0.0,0.0,0.0,0.0,0.0,0.0,0.0,0.0
103,Rh,OH,4.26048,0.18933,1.7671400000000002,0,1,0,0,0,1,0.0,0.0,0.0,0.0,0.0,0.0,0.0,0.0,0.0,0.0,0.0,0.0,0.0,0.0,0.0,0.0,0.0,0.0,0.0,0.0,0.0,0.0,0.0,0.0,0.0,0.0,0.0,9.105151125566401,0.0,0.0,0.0,0.0,0.0,0.0,0.0,0.0,0.0,0.0,0.0,0.0
104,Ni,ch2c,4.65592,-0.17346,2.32863,2,0,1,2,0,0,7.144425365990665,0.0,0.0,3.835764634139789,3.8328505992157456,0.1279907789556584,0.1278070877351979,0.0,0.0,0.0,0.0,0.0,0.0,0.0,0.0,0.0,0.0,0.0,0.0,0.0,0.0,0.0,0.0,0.0,0.0,0.0,0.0,0.0,0.0,0.0,0.0,0.0,0.0,0.0,0.0,0.0,0.0,0.0,0.0,0.0
105,Ni,ch2ch,4.65592,-0.17346,2.32863,2,0,1,3,0,0,6.1542171332836935,0.0,0.0,3.9582681085139972,3.94974447015943,2.9316776990850415,0.13141460883429845,0.12398989364138276,0.11406670086353572,0.0,0.0,0.0,0.0,0.0,0.0,0.0,0.0,0.0,0.0,0.0,0.0,0.0,0.0,0.0,0.0,0.0,0.0,0.0,0.0,0.0,0.0,0.0,0.0,0.0,0.0,0.0,0.0,0.0,0.0,0.0
106,Ni,ch2ch2,4.65592,-0.17346,2.32863,2,0,1,4,0,0,5.790340437590818,0.0,0.0,3.875568066543776,3.862591325987065,3.4859051844523425,3.4109175203124047,0.12183296716047975,0.12168122961896385,0.1213873324019662,0.12069759006451801,0.0,0.0,0.0,0.0,0.0,0.0,0.0,0.0,0.0,0.0,0.0,0.0,0.0,0.0,0.0,0.0,0.0,0.0,0.0,0.0,0.0,0.0,0.0,0.0,0.0,0.0,0.0,0.0,0.0
107,Ni,ch2chco,4.65592,-0.17346,2.32863,3,1,2,3,1,0,5.744762134330888,5.671187857510049,0.35467750025793965,3.846381990597501,3.8268996242156783,3.774604303819708,0.1300244539528981,0.12547755553493692,0.12134197224638173,0.11693779951607107,0.03596968494413828,0.011971433127112071,0.0,0.0,0.0,0.0,0.0,0.0,0.0,0.0,0.0,13.77787503023144,0.5617164917878702,0.07287583725694419,0.0,0.0,0.0,0.05313359080023666,0.009331600613983115,0.0042624145831749935,0.0,0.0,0.0,0.0,0.0,0.0,0.0,0.0,0.0,0.0
108,Ni,ch2chcooh,4.65592,-0.17346,2.32863,2,0,2,3,2,1,5.718741951337439,5.319877942850573,0.3570231168007948,3.9198704866762215,3.511161139957375,3.3197046166237314,0.25103369876157683,0.13097639245523024,0.12732152355764012,0.121103471538498,0.1149236890460132,0.04427256342078308,0.018515242329410788,0.013433340883860074,0.003757378367041319,0.0,0.0,0.0,0.0,0.0,0.0,14.874140794096641,10.65596279683166,0.6549739295615362,0.5851097205211511,0.20773290482099474,0.07321546944035938,8.839238649478746,0.13639215164861568,0.08266518432952727,0.05513484089894287,0.01964995701625331,0.009132188699872295,0.007886667185175241,0.005219114678316303,0.0,0.0,0.0,0.0,1.103395000326007
109,Ni,ch3c,4.65592,-0.17346,2.32863,1,0,1,3,0,0,4.9217662331800325,0.0,0.0,3.710436226919541,3.710092358348183,3.7002294436620518,0.13380886735501174,0.13250581249378382,0.13187060152420835,0.0,0.0,0.0,0.0,0.0,0.0,0.0,0.0,0.0,0.0,0.0,0.0,0.0,0.0,0.0,0.0,0.0,0.0,0.0,0.0,0.0,0.0,0.0,0.0,0.0,0.0,0.0,0.0,0.0,0.0,0.0
110,Ni,ch3cco,4.65592,-0.17346,2.32863,2,0,2,3,1,0,6.3668515813306925,4.495184891040342,0.34305533978783204,3.779792798427468,3.725634411926348,3.7170854649872447,0.1309540132287852,0.1298481205066661,0.1194797767333806,0.03480013226703444,0.03208046394219124,0.012031167861109186,0.0,0.0,0.0,0.0,0.0,0.0,0.0,0.0,0.0,14.966029035643427,0.4587855246222562,0.13942304444450138,0.0,0.0,0.0,0.02424918976092984,0.0213530522357772,0.005588946988365109,0.0,0.0,0.0,0.0,0.0,0.0,0.0,0.0,0.0,0.0
111,Ni,ch3ccoo,4.65592,-0.17346,2.32863,1,1,2,3,2,0,4.627244288888102,4.4825781324922325,0.3921380785456756,3.7057144115523535,3.685083404852157,3.667749856212757,0.13015435302796366,0.1267518832534449,0.11598542192522733,0.04442376326509597,0.0394897495155305,0.012159171595967086,0.0,0.0,0.0,0.0,0.0,0.0,0.0,0.0,0.0,17.924341829681246,9.226409454743694,0.5833799905999077,0.5378855668235094,0.3125522034349629,0.06489723521011546,0.06698586885570636,0.05409798675755026,0.009657718161042337,0.007913656452003863,0.007458192727999492,0.0037677034842562344,0.0,0.0,0.0,0.0,0.0,0.0,1.0922536224076769
112,Ni,ch3ccooh,4.65592,-0.17346,2.32863,1,1,2,3,2,1,5.6667457015112666,4.415282693581377,0.3857554315007745,3.7028779001090877,3.6919221928869033,3.3549872324207115,0.2517038622675057,0.1227326131972354,0.12130056056666233,0.10634838286221683,0.03675473083099348,0.036355660550314056,0.01794421849999025,0.011802821765733546,0.00933555419945068,0.0,0.0,0.0,0.0,0.0,0.0,14.319807131573164,10.499966120510454,0.6146295822136133,0.5628317509415585,0.3552433507652533,0.0687317385621737,8.808968590918985,0.15266449619905645,0.06522361195125244,0.061330771992359964,0.010226493711689709,0.007874066874229202,0.007807205807455793,0.0037475153768451773,0.0,0.0,0.0,0.0,1.152625167045147
113,Ni,ch3ch,4.65592,-0.17346,2.32863,1,0,1,4,0,0,4.47783975409302,0.0,0.0,3.781348560161056,3.6834338780481626,3.6790504289501915,2.5090857112292637,0.14916386115877753,0.12700775791257105,0.1261113323021102,0.12159689543024063,0.0,0.0,0.0,0.0,0.0,0.0,0.0,0.0,0.0,0.0,0.0,0.0,0.0,0.0,0.0,0.0,0.0,0.0,0.0,0.0,0.0,0.0,0.0,0.0,0.0,0.0,0.0,0.0,0.0
114,Ni,ch3ch2,4.65592,-0.17346,2.32863,1,0,1,5,0,0,4.148351547039628,0.0,0.0,3.7803304666695703,3.7597361611814417,3.6690867999137633,3.156815536375116,3.1395231103892263,0.12878334620986592,0.12808442147898322,0.12268641087164615,0.11731472848313405,0.11614520569319367,0.0,0.0,0.0,0.0,0.0,0.0,0.0,0.0,0.0,0.0,0.0,0.0,0.0,0.0,0.0,0.0,0.0,0.0,0.0,0.0,0.0,0.0,0.0,0.0,0.0,0.0,0.0
115,Ni,ch3ch2co,4.65592,-0.17346,2.32863,1,1,2,5,1,0,4.540078297527793,4.33480067916282,0.3161944311407419,3.75831511586801,3.7552981370165055,3.732049239075752,3.649690979315805,3.647293968119053,0.14657696664313838,0.14565099329339834,0.1289015052701536,0.12162284549643575,0.1215072873949318,0.11741375360104794,0.11734776955039013,0.03100119980179084,0.03085314542011018,0.011389261097999271,0.0,0.0,0.0,15.325039987542185,0.5801927902608313,0.25420060513658704,0.0,0.0,0.0,0.043078851197238366,0.04248293774168811,0.027570935166651392,0.02729588327668757,0.008509138653610856,0.0,0.0,0.0,0.0,0.0,0.0,0.0,0.0
116,Ni,ch3ch2coo,4.65592,-0.17346,2.32863,0,2,2,5,2,0,4.507298989290604,4.363670294107531,0.3236276554587946,3.777735329765709,3.774458016984834,3.7534788078146333,3.7002980671713575,3.690116970056608,0.14320793612730612,0.1419961000281609,0.126131256235244,0.12267219422031655,0.12239384689252393,0.1212902199426398,0.1205741744607122,0.032655948830090105,0.031514321476831884,0.011397951745555605,0.0,0.0,0.0,14.115482976264415,13.952451256533132,0.6243373628731337,0.5999702904207355,0.2872307151486209,0.06700496181017361,0.06681214299430921,0.06323733323245763,0.05316102503882098,0.04708204893373394,0.02843482562093017,0.026926852396319475,0.009231742936033255,0.0073993790740673766,0.007358562559526673,0.004157983336656398,0.0,0.0,1.0688064987519004
117,Ni,ch3ch2cooh,4.65592,-0.17346,2.32863,0,0,2,5,2,1,4.875661829612358,4.3868682911857375,0.3162655542239521,3.787916732317312,3.7798578665224154,3.7568689326335587,3.5805740367607872,3.5721303614719413,0.2494981532165382,0.15200876637021488,0.15198190990828128,0.13177912038121345,0.1216081214308128,0.12090659425694665,0.11891193908520772,0.11882689840264313,0.030076729181892907,0.029931784603718162,0.017195813073381243,0.011616305207407172,0.008093076131751023,16.316720668962816,10.84819729590212,0.6073974987206682,0.5667183298994104,0.2940019840812064,0.06467147716975115,8.750678313888328,0.1366214789441039,0.05892006599751691,0.055819345976263965,0.05197039225717934,0.04778925498175444,0.027888281302201497,0.02648810013847814,0.009424283025989705,0.007232165528980106,0.007069739759862185,0.004048301236819599,1.1438283312038309
118,Ni,ch3ch3,4.65592,-0.17346,2.32863,0,0,1,6,0,0,4.409175901323347,0.0,0.0,3.7434225165051176,3.742070635135289,3.7383936137661213,3.723410759205657,3.717671613820868,3.661440453629397,0.12210478281373552,0.12174652584611838,0.12169642787650925,0.12148225376055324,0.12144808192482175,0.1206041620893708,0.0,0.0,0.0,0.0,0.0,0.0,0.0,0.0,0.0,0.0,0.0,0.0,0.0,0.0,0.0,0.0,0.0,0.0,0.0,0.0,0.0,0.0,0.0,0.0,0.0
119,Ni,ch3chco,4.65592,-0.17346,2.32863,2,0,2,4,1,0,6.08879010803016,4.6432585336121175,0.3350369546632308,3.792237077013461,3.776264823588969,3.709494469025605,3.6547179367120055,0.13439951260147867,0.13296357914328835,0.12730798605770655,0.12562416870720206,0.11407610292576136,0.0354795769178838,0.02805176556737416,0.012197932781015944,0.0,0.0,0.0,0.0,0.0,0.0,13.21808819587519,0.5862983317478578,0.2166325533237102,0.0,0.0,0.0,0.04750876237022488,0.026873456430309087,0.02044577564332277,0.007793543495012092,0.0,0.0,0.0,0.0,0.0,0.0,0.0,0.0,0.0
120,Ni,ch3chcoo,4.65592,-0.17346,2.32863,1,2,2,4,2,0,5.288969954713044,4.623403096707204,0.32501180046279604,3.8084930533281702,3.748533004095719,3.742391314906481,3.6379776568079993,0.13495693995679414,0.13157187235257506,0.1255959703783757,0.12280978177931405,0.1175463451666584,0.0357593558800052,0.026640338541784388,0.011724361045716804,0.0,0.0,0.0,0.0,0.0,0.0,12.459646539794324,12.259793460584516,0.6072601019405564,0.5911662402261558,0.22476821996777385,0.06869222588613147,0.07700258049251556,0.0622231016054938,0.021051004995609503,0.020073011091790858,0.008431448582700554,0.008335527584022732,0.007116849869434656,0.00413413815320956,0.0,0.0,0.0,0.0,1.0353647993413404
121,Ni,ch3chcooh,4.65592,-0.17346,2.32863,1,0,2,4,2,1,5.553604472941568,4.478418160572753,0.3463626031488145,3.749994942375887,3.728202634773052,3.6601189573727138,3.6378404318404938,0.2499414360821461,0.15737968531939106,0.12608892107448375,0.12247249197234253,0.1224472573016812,0.11765637831345922,0.033002846066722345,0.032045819523223495,0.017910913394910574,0.012100143469750448,0.00841293546220755,0.0,0.0,0.0,14.544164697703113,10.731163891457367,0.6248061262560668,0.5697728325305373,0.3084232498050518,0.06563755853993777,8.785457470833371,0.14282860674121514,0.059349532118674574,0.053404724271380016,0.052912540490743884,0.025936602359682957,0.009659871325618446,0.007512532919088333,0.007082323476127481,0.003991652139314754,0.0,0.0,1.1334352273354742
122,Ni,chch,4.65592,-0.17346,2.32863,2,0,1,2,0,0,6.732249492054357,0.0,0.0,3.7412441305851716,3.7397116855804104,0.11876015380239945,0.11802498726305045,0.0,0.0,0.0,0.0,0.0,0.0,0.0,0.0,0.0,0.0,0.0,0.0,0.0,0.0,0.0,0.0,0.0,0.0,0.0,0.0,0.0,0.0,0.0,0.0,0.0,0.0,0.0,0.0,0.0,0.0,0.0,0.0,0.0
123,Ni,chchco,4.65592,-0.17346,2.32863,3,0,2,2,1,0,6.350846921015532,5.521867820968865,0.3731907787352704,3.787178864010524,3.722974003731503,0.13950054543869347,0.11855799924381002,0.11802834981230505,0.012423408953397365,0.0,0.0,0.0,0.0,0.0,0.0,0.0,0.0,0.0,0.0,0.0,0.0,13.629896713407714,0.5270995558361476,0.07176054460349651,0.0,0.0,0.0,0.047539720707052036,0.0042415775941839415,0.0,0.0,0.0,0.0,0.0,0.0,0.0,0.0,0.0,0.0,0.0
124,Ni,chchcooh,4.65592,-0.17346,2.32863,2,0,2,2,2,1,6.111471608599877,5.755666808438197,0.3346101924175342,3.8442373078419037,2.865574681994554,0.24545358426463676,0.14773099654318006,0.14107336513770216,0.12461828000101136,0.018697323023238368,0.013196674122592485,0.0036615815048912366,0.0,0.0,0.0,0.0,0.0,0.0,0.0,0.0,0.0,15.141828874282195,10.546375398438354,0.6791918964355957,0.568510870013713,0.17202979183601227,0.07377298247167972,8.882320844926246,0.137255783846586,0.0963244911072547,0.020174580616972717,0.0067218757879417244,0.005672661109245537,0.0,0.0,0.0,0.0,0.0,0.0,1.1217930803960974
125,Ni,co,4.65592,-0.17346,2.32863,1,0,0,0,1,0,0.0,0.0,0.0,0.0,0.0,0.0,0.0,0.0,0.0,0.0,0.0,0.0,0.0,0.0,0.0,0.0,0.0,0.0,0.0,0.0,0.0,29.691442363032635,0.0,0.0,0.0,0.0,0.0,0.0,0.0,0.0,0.0,0.0,0.0,0.0,0.0,0.0,0.0,0.0,0.0,0.0
126,Ni,co2,4.65592,-0.17346,2.32863,0,0,0,0,2,0,0.0,0.0,0.0,0.0,0.0,0.0,0.0,0.0,0.0,0.0,0.0,0.0,0.0,0.0,0.0,0.0,0.0,0.0,0.0,0.0,0.0,21.788155740828575,20.966199194583627,0.0,0.0,0.0,0.0,0.0,0.0,0.0,0.0,0.0,0.0,0.0,0.0,0.0,0.0,0.0,0.0,0.8916791145327655
127,Ni,cooh,4.65592,-0.17346,2.32863,1,0,0,0,2,1,0.0,0.0,0.0,0.24341895283605702,0.0,0.0,0.0,0.0,0.0,0.0,0.0,0.0,0.0,0.0,0.0,0.0,0.0,0.0,0.0,0.0,0.0,14.611079647780375,11.075295589227963,0.0,0.0,0.0,0.0,8.622352931831813,0.13395514519070464,0.0,0.0,0.0,0.0,0.0,0.0,0.0,0.0,0.0,0.0,1.1259859451302228
128,Ni,h2o,4.65592,-0.17346,2.32863,0,0,0,0,0,2,0.0,0.0,0.0,0.0,0.0,0.0,0.0,0.0,0.0,0.0,0.0,0.0,0.0,0.0,0.0,0.0,0.0,0.0,0.0,0.0,0.0,0.0,0.0,0.0,0.0,0.0,0.0,8.868481373983858,8.841059924008462,0.0,0.0,0.0,0.0,0.0,0.0,0.0,0.0,0.0,0.0,0.0
129,Ni,oh,4.65592,-0.17346,2.32863,0,1,0,0,0,1,0.0,0.0,0.0,0.0,0.0,0.0,0.0,0.0,0.0,0.0,0.0,0.0,0.0,0.0,0.0,0.0,0.0,0.0,0.0,0.0,0.0,0.0,0.0,0.0,0.0,0.0,0.0,9.160837407921118,0.0,0.0,0.0,0.0,0.0,0.0,0.0,0.0,0.0,0.0,0.0,0.0
130,Re,CH2C,3.47529,-0.5845199999999999,1.6580000000000001,2,0,1,2,0,0,6.617888145577275,0.0,0.0,3.849821894445647,3.8484242531115846,0.12391658293166223,0.1238991093416238,0.0,0.0,0.0,0.0,0.0,0.0,0.0,0.0,0.0,0.0,0.0,0.0,0.0,0.0,0.0,0.0,0.0,0.0,0.0,0.0,0.0,0.0,0.0,0.0,0.0,0.0,0.0,0.0,0.0,0.0,0.0,0.0,0.0
131,Re,CH2CH,3.47529,-0.5845199999999999,1.6580000000000001,2,0,1,3,0,0,5.934584284539553,0.0,0.0,3.8936817531466765,3.807439051964752,2.745782844329203,0.13374670839949038,0.12056876448174525,0.11923329742864892,0.0,0.0,0.0,0.0,0.0,0.0,0.0,0.0,0.0,0.0,0.0,0.0,0.0,0.0,0.0,0.0,0.0,0.0,0.0,0.0,0.0,0.0,0.0,0.0,0.0,0.0,0.0,0.0,0.0,0.0,0.0
132,Re,CH2CH2,3.47529,-0.5845199999999999,1.6580000000000001,2,0,1,4,0,0,5.3055638609997375,0.0,0.0,3.8474062830171,3.8445915370567354,3.052321804872502,3.0443567445813455,0.12098560792855248,0.12076816837363663,0.10871715403315027,0.1085689109171243,0.0,0.0,0.0,0.0,0.0,0.0,0.0,0.0,0.0,0.0,0.0,0.0,0.0,0.0,0.0,0.0,0.0,0.0,0.0,0.0,0.0,0.0,0.0,0.0,0.0,0.0,0.0,0.0,0.0
133,Re,CH2CHCO,3.47529,-0.5845199999999999,1.6580000000000001,3,1,2,3,1,0,6.018167849217416,5.416717364536182,0.3839952640607867,3.8686240198112403,3.5970372101060226,2.9340517455141204,0.12573507267621606,0.1235994539231081,0.1177723378353353,0.10811959479919328,0.035299646521866145,0.012366108561296257,0.0,0.0,0.0,0.0,0.0,0.0,0.0,0.0,0.0,10.579016115501204,0.6181089111666949,0.06839594810320804,0.0,0.0,0.0,0.06293647418704511,0.007050348641442524,0.004096000122202507,0.0,0.0,0.0,0.0,0.0,0.0,0.0,0.0,0.0,0.0
134,Re,CH2CHCOOH,3.47529,-0.5845199999999999,1.6580000000000001,2,0,2,3,2,1,5.983380512120713,5.0641100614195125,0.3485704505409344,3.919027034500005,3.4049961486921445,3.0749142651665986,0.2509182720846575,0.1345104798502012,0.12641210217068025,0.12009032215775152,0.11159886090803668,0.043207880442388207,0.018916129569905314,0.013263533837567957,0.003619330118567385,0.0,0.0,0.0,0.0,0.0,0.0,14.155693907265675,10.761292388303726,0.6689418540190873,0.5786032444971279,0.20527151730720866,0.06951090237760024,8.809928225426283,0.13770782543709706,0.08349047753659898,0.055555529099568415,0.019565091693814863,0.008565279193786303,0.007866423700298705,0.0049251810084608326,0.0,0.0,0.0,0.0,1.1063195775042776
135,Re,CH3C,3.47529,-0.5845199999999999,1.6580000000000001,1,0,1,3,0,0,4.769878867640863,0.0,0.0,3.697742508044663,3.6793897055665337,3.675124934089225,0.13042473824168635,0.12876651519885562,0.12825423401326855,0.0,0.0,0.0,0.0,0.0,0.0,0.0,0.0,0.0,0.0,0.0,0.0,0.0,0.0,0.0,0.0,0.0,0.0,0.0,0.0,0.0,0.0,0.0,0.0,0.0,0.0,0.0,0.0,0.0,0.0,0.0
136,Re,CH3CCO,3.47529,-0.5845199999999999,1.6580000000000001,2,0,2,3,1,0,6.133546170414423,4.464857336103719,0.33756168843910844,3.7741237955814304,3.7218610484947634,3.7216870535822935,0.12943249628792566,0.12937020534108915,0.11953117057223232,0.032956936490381686,0.03279347991639092,0.011875665667430169,0.0,0.0,0.0,0.0,0.0,0.0,0.0,0.0,0.0,12.821532730609105,0.4343134481502236,0.14096359701436484,0.0,0.0,0.0,0.023452320671146262,0.023210665543890924,0.00559596048247881,0.0,0.0,0.0,0.0,0.0,0.0,0.0,0.0,0.0,0.0
137,Re,CH3CCOO,3.47529,-0.5845199999999999,1.6580000000000001,1,1,2,3,2,0,4.36435192665003,4.225277391659707,0.4113606048168353,3.7630927390879942,3.7534143189874216,3.0784771481564497,0.12179482550261884,0.12166582698665945,0.08927591510465498,0.04501546834835402,0.040124717890709836,0.011088516444056364,0.0,0.0,0.0,0.0,0.0,0.0,0.0,0.0,0.0,17.67990997490702,10.384334439671196,0.5928157860546011,0.5199807801673691,0.3753619250819614,0.06732679649170188,0.07884074349727876,0.061187060016868,0.010390777837172164,0.008090110773079731,0.007897516608703409,0.0034040853925063163,0.0,0.0,0.0,0.0,0.0,0.0,1.1506557704764893
138,Re,CH3CCOOH,3.47529,-0.5845199999999999,1.6580000000000001,1,1,2,3,2,1,6.055093470179572,4.274387936024297,0.3956877412268824,3.7192539299813365,3.7125695210199616,3.301585601918588,0.2484994318646115,0.1183112144683918,0.11780438375454814,0.10169051854623244,0.036604776755058674,0.03611595273433218,0.018121551260535683,0.011892796064550673,0.009350141025720123,0.0,0.0,0.0,0.0,0.0,0.0,13.533182817196549,10.578572033942452,0.6200215061508596,0.5709333799291136,0.3552428438334766,0.06842298304782396,8.866120236970998,0.1529912295595007,0.06320802006286129,0.05919872503672525,0.010174690478524671,0.007696308948408063,0.007651922320193195,0.003700032045384707,0.0,0.0,0.0,0.0,1.1536469554934177
139,Re,CH3CH,3.47529,-0.5845199999999999,1.6580000000000001,1,0,1,4,0,0,4.380236672827241,0.0,0.0,3.7891851651826016,3.684804635128197,3.6830163033759775,2.270648630428122,0.161278048772564,0.1235946277395284,0.12327059787936445,0.12314468511707145,0.0,0.0,0.0,0.0,0.0,0.0,0.0,0.0,0.0,0.0,0.0,0.0,0.0,0.0,0.0,0.0,0.0,0.0,0.0,0.0,0.0,0.0,0.0,0.0,0.0,0.0,0.0,0.0,0.0
140,Re,CH3CH2,3.47529,-0.5845199999999999,1.6580000000000001,1,0,1,5,0,0,4.2890537164185165,0.0,0.0,3.7738150982620247,3.772280626537652,3.1641089163495852,3.1562245815221828,2.9586975926960952,0.12091173214874355,0.12070515737531565,0.1201765073786142,0.12013676324336885,0.09624458165041434,0.0,0.0,0.0,0.0,0.0,0.0,0.0,0.0,0.0,0.0,0.0,0.0,0.0,0.0,0.0,0.0,0.0,0.0,0.0,0.0,0.0,0.0,0.0,0.0,0.0,0.0,0.0
141,Re,CH3CH2CO,3.47529,-0.5845199999999999,1.6580000000000001,1,1,2,5,1,0,4.492666498107943,4.210606419781252,0.3446341705163913,3.8086167783944704,3.7604120660594083,3.750589494980953,3.750317435638003,3.690212551359175,0.13901149376776184,0.1331710878561466,0.12634606426340586,0.12387011201296785,0.12214769373579527,0.12083834286488225,0.11908343479298665,0.035048660593475715,0.03399769149049298,0.011849100806012466,0.0,0.0,0.0,13.40293419330173,0.6136940788107712,0.1864947376779484,0.0,0.0,0.0,0.06344184982443724,0.04482079924474585,0.020929845222006454,0.01735471427205831,0.007558384146732525,0.0,0.0,0.0,0.0,0.0,0.0,0.0,0.0
142,Re,CH3CH2COO,3.47529,-0.5845199999999999,1.6580000000000001,0,2,2,5,2,0,4.598975269246798,4.376520384072084,0.3263441133534752,3.7735272325316727,3.7724889714826517,3.7665028800993463,3.69499088216404,3.6888594991611328,0.1445085629037582,0.14417445283281488,0.12698426800122936,0.12247507057385615,0.12244214806911922,0.12124848613954604,0.12100456561044055,0.03227128568547045,0.031981124472511765,0.011510334408650631,0.0,0.0,0.0,14.079169002186095,13.854749880275795,0.6197728591736154,0.593177002043728,0.28053370904879216,0.06679972186133504,0.06542555443994559,0.06350121124157487,0.04978348411366818,0.04734192581070692,0.027874741100725218,0.027073967845924918,0.009089268381397857,0.007375730207459456,0.007315361572608599,0.004155125435217698,0.0,0.0,1.0992900447827822
143,Re,CH3CH2COOH,3.47529,-0.5845199999999999,1.6580000000000001,0,0,2,5,2,1,4.707016872280746,4.350166720783377,0.3235614169141127,3.7705017027655976,3.7570584949984176,3.754714439480914,3.7438334816059067,3.627165387271154,0.2415060100395445,0.15020259248857662,0.14675781354699316,0.12783027765203608,0.12400833412384628,0.12189486109191396,0.12171694665480615,0.1186004697516308,0.03158725684634413,0.03138097859275968,0.016074291716688272,0.011544526890324073,0.00717761324369902,15.561220630136061,11.930427650342944,0.6160358914006023,0.5933027240641187,0.25963183839943205,0.0710311092157604,7.2824663832366525,0.11905914359012623,0.08190532807003781,0.05948840630665528,0.044949825360628116,0.0385843023868518,0.03182590284256336,0.02209553801920072,0.009074188763999937,0.00883853896832772,0.0069762217242236935,0.0043061755671265755,1.0800648619532156
144,Re,CH3CH3,3.47529,-0.5845199999999999,1.6580000000000001,0,0,1,6,0,0,4.372825579109417,0.0,0.0,3.7429783044248235,3.742722088244612,3.73777610892851,3.7292922056870808,3.712572007421861,3.6336876400022526,0.12148191862186025,0.1211614261983551,0.12105015832044218,0.12093742823117185,0.12043822397501767,0.1203699249069733,0.0,0.0,0.0,0.0,0.0,0.0,0.0,0.0,0.0,0.0,0.0,0.0,0.0,0.0,0.0,0.0,0.0,0.0,0.0,0.0,0.0,0.0,0.0,0.0,0.0
145,Re,CH3CHCO,3.47529,-0.5845199999999999,1.6580000000000001,2,0,2,4,1,0,6.356722607470045,4.659661770271526,0.30968273046657924,3.792350964523736,3.762937691281622,3.756961022879898,3.670833013051836,0.13959057841132244,0.13146755273756747,0.12908018766839574,0.12559476499958735,0.1165635737587713,0.03534010410637455,0.02125520607739616,0.012413451015380371,0.0,0.0,0.0,0.0,0.0,0.0,10.24285729468453,0.5869371475909458,0.2067459430797604,0.0,0.0,0.0,0.05680679936417924,0.019507930016995037,0.018266529308020155,0.008147494760567125,0.0,0.0,0.0,0.0,0.0,0.0,0.0,0.0,0.0
146,Re,CH3CHCOO,3.47529,-0.5845199999999999,1.6580000000000001,1,2,2,4,2,0,5.685733840429803,4.459792979341434,0.33671875465859763,3.8136716742334715,3.7520189066225154,3.6613529563022857,3.658688543959868,0.14365671052524465,0.12464961161803635,0.12291347258206305,0.12024957010315088,0.11711807053504356,0.035409915345435986,0.027539173689939925,0.012060337379368962,0.0,0.0,0.0,0.0,0.0,0.0,11.759142190235073,11.471148824498803,0.5816376597698981,0.5773529197279713,0.2300572595170428,0.06637843820369144,0.07270543244494211,0.05959107993651875,0.023382847847032026,0.02040370607295773,0.008408200264571706,0.007961021827200297,0.006832444220430622,0.004024164667151536,0.0,0.0,0.0,0.0,1.0651521218841764
147,Re,CH3CHCOOH,3.47529,-0.5845199999999999,1.6580000000000001,1,0,2,4,2,1,6.209720757262753,4.465395717739192,0.3583066091626527,3.852813972171108,3.7324795563054707,3.667523681571181,3.6533184865578927,0.2159001948888325,0.1477387826233845,0.12484540848202864,0.1237727664150455,0.12011879626854398,0.11434888160485665,0.03896515029910462,0.027666463557986024,0.018015177487402542,0.012715459377142272,0.003884302040707535,0.0,0.0,0.0,13.467578435622091,8.115285121660435,0.5823306806055986,0.5561024078736316,0.20610787176921372,0.06583409674769912,8.647474549015628,0.1339213199417657,0.08301658229169187,0.053267248190267145,0.02039693134027019,0.020250447334886044,0.00795829607661839,0.007872184526712778,0.006645601720525115,0.004037761891370399,0.0,0.0,1.0080571801451894
148,Re,CHCH,3.47529,-0.5845199999999999,1.6580000000000001,2,0,1,2,0,0,5.916049806105585,0.0,0.0,3.763164722159088,3.75796695764121,0.11744975735311285,0.11613300717378768,0.0,0.0,0.0,0.0,0.0,0.0,0.0,0.0,0.0,0.0,0.0,0.0,0.0,0.0,0.0,0.0,0.0,0.0,0.0,0.0,0.0,0.0,0.0,0.0,0.0,0.0,0.0,0.0,0.0,0.0,0.0,0.0,0.0
149,Re,CHCHCO,3.47529,-0.5845199999999999,1.6580000000000001,3,0,2,2,1,0,5.958389372869449,5.757790928145266,0.3928089850434585,3.815088286085493,3.2683926018315517,0.13536596323677216,0.1185253279773672,0.11018959951623168,0.012590555319268691,0.0,0.0,0.0,0.0,0.0,0.0,0.0,0.0,0.0,0.0,0.0,0.0,10.40058376680304,0.5946554287407096,0.06965452080509549,0.0,0.0,0.0,0.06097561860586126,0.0041900064116201525,0.0,0.0,0.0,0.0,0.0,0.0,0.0,0.0,0.0,0.0,0.0
150,Re,CHCHCOOH,3.47529,-0.5845199999999999,1.6580000000000001,2,0,2,2,2,1,5.805584075716591,5.480549539710789,0.3352182646827428,3.860293918400086,2.797917905929022,0.2490780851303912,0.1416721291739076,0.13990751550278666,0.11908958141506913,0.018760215690104363,0.01382429947450672,0.0036562902107914936,0.0,0.0,0.0,0.0,0.0,0.0,0.0,0.0,0.0,14.700572122547214,10.781458874763302,0.6767441469316361,0.5621639203249573,0.17279546051226566,0.07351036093636787,8.81893881628924,0.1420774282926785,0.0932825921607038,0.01985730283405817,0.006949157457111318,0.00590857350366361,0.0,0.0,0.0,0.0,0.0,0.0,1.140826050834392
151,Re,CO,3.47529,-0.5845199999999999,1.6580000000000001,1,0,0,0,1,0,0.0,0.0,0.0,0.0,0.0,0.0,0.0,0.0,0.0,0.0,0.0,0.0,0.0,0.0,0.0,0.0,0.0,0.0,0.0,0.0,0.0,18.872423281406526,0.0,0.0,0.0,0.0,0.0,0.0,0.0,0.0,0.0,0.0,0.0,0.0,0.0,0.0,0.0,0.0,0.0,0.0
152,Re,CO2,3.47529,-0.5845199999999999,1.6580000000000001,0,0,0,0,2,0,0.0,0.0,0.0,0.0,0.0,0.0,0.0,0.0,0.0,0.0,0.0,0.0,0.0,0.0,0.0,0.0,0.0,0.0,0.0,0.0,0.0,15.483238849948457,15.473972233732828,0.0,0.0,0.0,0.0,0.0,0.0,0.0,0.0,0.0,0.0,0.0,0.0,0.0,0.0,0.0,0.0,0.945641579662242
153,Re,COOH,3.47529,-0.5845199999999999,1.6580000000000001,1,0,0,0,2,1,0.0,0.0,0.0,0.24434258233232226,0.0,0.0,0.0,0.0,0.0,0.0,0.0,0.0,0.0,0.0,0.0,0.0,0.0,0.0,0.0,0.0,0.0,13.541373434718723,10.979925521740643,0.0,0.0,0.0,0.0,8.538112674225681,0.14852657649742124,0.0,0.0,0.0,0.0,0.0,0.0,0.0,0.0,0.0,0.0,1.1634507312157885
154,Re,H2O,3.47529,-0.5845199999999999,1.6580000000000001,0,0,0,0,0,2,0.0,0.0,0.0,0.0,0.0,0.0,0.0,0.0,0.0,0.0,0.0,0.0,0.0,0.0,0.0,0.0,0.0,0.0,0.0,0.0,0.0,0.0,0.0,0.0,0.0,0.0,0.0,8.850708694507876,8.840514540505056,0.0,0.0,0.0,0.0,0.0,0.0,0.0,0.0,0.0,0.0,0.0
155,Re,OH,3.47529,-0.5845199999999999,1.6580000000000001,0,1,0,0,0,1,0.0,0.0,0.0,0.0,0.0,0.0,0.0,0.0,0.0,0.0,0.0,0.0,0.0,0.0,0.0,0.0,0.0,0.0,0.0,0.0,0.0,0.0,0.0,0.0,0.0,0.0,0.0,9.17212831109456,0.0,0.0,0.0,0.0,0.0,0.0,0.0,0.0,0.0,0.0,0.0,0.0
156,Ag,ch2c,6.82805595,0.57160595,5.62443,2,0,1,2,0,0,8.487513560074115,0.0,0.0,3.7901032548097686,3.771817441671424,0.13636619704594258,0.13543600275651185,0.0,0.0,0.0,0.0,0.0,0.0,0.0,0.0,0.0,0.0,0.0,0.0,0.0,0.0,0.0,0.0,0.0,0.0,0.0,0.0,0.0,0.0,0.0,0.0,0.0,0.0,0.0,0.0,0.0,0.0,0.0,0.0,0.0
157,Ag,ch2ch,6.82805595,0.57160595,5.62443,2,0,1,3,0,0,8.051081470690916,0.0,0.0,3.825105008025124,3.7800877551255794,3.767959647239677,0.15975493590609155,0.13412113156837166,0.12975334424141266,0.0,0.0,0.0,0.0,0.0,0.0,0.0,0.0,0.0,0.0,0.0,0.0,0.0,0.0,0.0,0.0,0.0,0.0,0.0,0.0,0.0,0.0,0.0,0.0,0.0,0.0,0.0,0.0,0.0,0.0,0.0
158,Ag,ch2ch2,6.82805595,0.57160595,5.62443,2,0,1,4,0,0,8.235836839948247,0.0,0.0,3.886510190987056,3.886317073699532,3.886049940034461,3.8857727741527888,0.1372180081695633,0.13721741808780952,0.13721679149411872,0.13716728302900608,0.0,0.0,0.0,0.0,0.0,0.0,0.0,0.0,0.0,0.0,0.0,0.0,0.0,0.0,0.0,0.0,0.0,0.0,0.0,0.0,0.0,0.0,0.0,0.0,0.0,0.0,0.0,0.0,0.0
159,Ag,ch2chco,6.82805595,0.57160595,5.62443,3,1,2,3,1,0,8.430466326900808,5.136094906879117,0.3809931036291753,3.9060257210347165,3.810166522550337,3.8070247655653686,0.1410814154158108,0.13883922478018734,0.13830313213702544,0.1237571874583928,0.03924273166818664,0.011765179090996256,0.0,0.0,0.0,0.0,0.0,0.0,0.0,0.0,0.0,16.648347017241896,0.6843450227481924,0.08258924734473483,0.0,0.0,0.0,0.07686464639473052,0.00826639832682592,0.00452073248994314,0.0,0.0,0.0,0.0,0.0,0.0,0.0,0.0,0.0,0.0
160,Ag,ch2chcooh,6.82805595,0.57160595,5.62443,2,0,2,3,2,1,8.45371160565508,5.1155436868003585,0.4055442021539912,3.917181857983962,3.899966509353893,3.8867281136851637,0.234148954748837,0.14337207335286134,0.1408234752571609,0.13733083459394374,0.11861634835862228,0.04377753978652423,0.017814702103977443,0.012195903890481068,0.0038688857814931704,0.0,0.0,0.0,0.0,0.0,0.0,16.764464444772415,10.777138602156565,0.6822645636210128,0.5979712259684576,0.24439477217943376,0.08079518088212459,8.256033192487807,0.1120038134597948,0.08540199788494868,0.06805109154177974,0.019653022192328288,0.008181466698639324,0.00794034045417388,0.004538025014111974,0.0,0.0,0.0,0.0,1.0487467790090226
161,Ag,ch3c,6.82805595,0.57160595,5.62443,1,0,1,3,0,0,4.913817833825601,0.0,0.0,3.6782782358303874,3.678121738449816,3.677567918702576,0.12931667684453302,0.12896641158967076,0.12895882874196074,0.0,0.0,0.0,0.0,0.0,0.0,0.0,0.0,0.0,0.0,0.0,0.0,0.0,0.0,0.0,0.0,0.0,0.0,0.0,0.0,0.0,0.0,0.0,0.0,0.0,0.0,0.0,0.0,0.0,0.0,0.0
162,Ag,ch3cco,6.82805595,0.57160595,5.62443,2,0,2,3,1,0,9.191471859754945,4.392109459885312,0.3881304491359504,3.7236676233563535,3.723521555525524,3.694322357605961,0.12173744978886132,0.12161987245024874,0.1201124632189708,0.033709052902781665,0.0330427005385258,0.013558593746204887,0.0,0.0,0.0,0.0,0.0,0.0,0.0,0.0,0.0,20.066745670910183,0.4877007523982984,0.08378047818830034,0.0,0.0,0.0,0.010878530242483407,0.010637520878352916,0.004171017082303055,0.0,0.0,0.0,0.0,0.0,0.0,0.0,0.0,0.0,0.0
163,Ag,ch3ccoo,6.82805595,0.57160595,5.62443,1,1,2,3,2,0,4.957446994792291,4.849626111540855,0.3617692983597601,3.790649157488297,3.642742542989642,3.6213537983423705,0.1404737571312638,0.13057038455671666,0.12113207916496453,0.038339377865723084,0.03733931042778877,0.011809296796342468,0.0,0.0,0.0,0.0,0.0,0.0,0.0,0.0,0.0,15.396612440071445,12.937463646757905,0.6782684791996264,0.6420186197697847,0.13965143245985331,0.1308970627487128,0.031008307484568683,0.027743716356382377,0.013419015909059391,0.011080216723519908,0.006260000556553914,0.006187196315389071,0.0,0.0,0.0,0.0,0.0,0.0,1.043172464209359
164,Ag,ch3ccooh,6.82805595,0.57160595,5.62443,1,1,2,3,2,1,6.040065956532898,4.447404374534284,0.3857636614736811,3.6834029697276383,3.6829973232126423,3.6401649787961388,0.25008400473320136,0.1213177302053189,0.12126230111163865,0.11601237197432035,0.0361309437661732,0.036085969759437064,0.018764741172294864,0.0124544300972868,0.009649029728561938,0.0,0.0,0.0,0.0,0.0,0.0,14.38696460823158,9.781219193118426,0.6434375825973053,0.5494564906627086,0.3701208379602911,0.06781019019050005,8.88108498179944,0.1604961818430192,0.06663505115459402,0.06643972676649569,0.010804068019847284,0.0077588218492751545,0.007739588983287409,0.0038455840061465104,0.0,0.0,0.0,0.0,1.14818262541082
165,Ag,ch3ch,6.82805595,0.57160595,5.62443,1,0,1,4,0,0,4.648872635504444,0.0,0.0,3.7327851598155664,3.6869244830833,3.637121872227855,3.6353175437872816,0.13318588351092087,0.1277756474474377,0.12760788236566153,0.1179578179153789,0.0,0.0,0.0,0.0,0.0,0.0,0.0,0.0,0.0,0.0,0.0,0.0,0.0,0.0,0.0,0.0,0.0,0.0,0.0,0.0,0.0,0.0,0.0,0.0,0.0,0.0,0.0,0.0,0.0
166,Ag,ch3ch2,6.82805595,0.57160595,5.62443,1,0,1,5,0,0,4.518687650296738,0.0,0.0,3.8004298097901965,3.8001184433799664,3.744778692370272,3.7446040982512834,3.607441729561692,0.1280666312000118,0.12043414828937085,0.1202721777602819,0.11939201335247628,0.11934886259532272,0.0,0.0,0.0,0.0,0.0,0.0,0.0,0.0,0.0,0.0,0.0,0.0,0.0,0.0,0.0,0.0,0.0,0.0,0.0,0.0,0.0,0.0,0.0,0.0,0.0,0.0,0.0
167,Ag,ch3ch2co,6.82805595,0.57160595,5.62443,1,1,2,5,1,0,4.438287991276618,4.359528053572396,0.3232703917388092,3.772921278069726,3.7727642191033013,3.7594111398532832,3.666586079838945,3.6661282262727584,0.14518162716185246,0.14507425656701586,0.12765214540033035,0.1224779094587855,0.1224434190503111,0.11640456776036695,0.11632885323547447,0.03209927284887019,0.03207882786787066,0.01142419183986152,0.0,0.0,0.0,18.841959071881185,0.5920762639616359,0.2519549244499589,0.0,0.0,0.0,0.0424260467136687,0.042391094601936775,0.028509095342183745,0.028459110629224807,0.008471149618765755,0.0,0.0,0.0,0.0,0.0,0.0,0.0,0.0
168,Ag,ch3ch2coo,6.82805595,0.57160595,5.62443,0,2,2,5,2,0,4.387153163506666,4.311874368750681,0.3135333739582108,3.7699895944704864,3.7680982789718462,3.7424830080409737,3.709591025119361,3.702918306878372,0.13989829531638998,0.13923624200727752,0.12572070384560094,0.12276524790014415,0.12271373750868653,0.12202559306127801,0.1216218449224021,0.031324702454827304,0.031125771479804637,0.01111044552648319,0.0,0.0,0.0,14.397509111359751,14.202058211399775,0.6364856145980027,0.6014617110700418,0.28430322770910543,0.06719413712725758,0.06808068068524974,0.06586618831072417,0.05050630962740125,0.04834895290745383,0.028211186452626314,0.027355923775743567,0.00915139044108534,0.0073862562615282425,0.007305797125080197,0.004184343128720886,0.0,0.0,1.0400232367108857
169,Ag,ch3ch2cooh,6.82805595,0.57160595,5.62443,0,0,2,5,2,1,4.667451950981615,4.3765018072175605,0.3096396529628365,3.775927715270359,3.775028398331339,3.7573889025716296,3.6683376682296656,3.6671284601290335,0.2502707705276995,0.1495171288517995,0.14946207975963166,0.12874701993933066,0.12161666672481472,0.12157369503052246,0.12104015742057947,0.12101747036615328,0.029827850005414974,0.029802941675268133,0.01714405926052374,0.01130614642285885,0.00821175759331981,17.17440856922687,10.398133218310097,0.6013032515109483,0.5708638869732663,0.29945017465423424,0.06502295785791044,8.791248206551767,0.13128981875600582,0.0576680482209008,0.05747853047895739,0.05183607393005013,0.051706626874766695,0.02720477780178964,0.027138276362534696,0.009505486128952738,0.007237259611185917,0.007223311118585316,0.004025216548569326,1.1010050187053482
170,Ag,ch3ch3,6.82805595,0.57160595,5.62443,0,0,1,6,0,0,4.349079971548118,0.0,0.0,3.741158945448216,3.7394215415549112,3.738697412873497,3.731069902898898,3.7213068897599215,3.696088493265589,0.12098598542604133,0.12089681888301672,0.1208853108723566,0.12087899084788765,0.12073945644172135,0.12070537347018305,0.0,0.0,0.0,0.0,0.0,0.0,0.0,0.0,0.0,0.0,0.0,0.0,0.0,0.0,0.0,0.0,0.0,0.0,0.0,0.0,0.0,0.0,0.0,0.0,0.0
171,Ag,ch3chco,6.82805595,0.57160595,5.62443,2,0,2,4,1,0,9.044795162690344,4.559835469543842,0.3720650335672612,3.859897907425919,3.7857358277535735,3.7292203605163303,3.715446679617739,0.1689478671902936,0.1280067957682544,0.12626099019137646,0.1251795789837939,0.09968988761252888,0.04589968272832061,0.019026233037035427,0.016337420786260843,0.0,0.0,0.0,0.0,0.0,0.0,21.12510930370552,0.4949634198850722,0.08393602055903568,0.0,0.0,0.0,0.026665518087055917,0.016025073913865276,0.006083281731871832,0.00519329607234935,0.0,0.0,0.0,0.0,0.0,0.0,0.0,0.0,0.0
172,Ag,ch3chcoo,6.82805595,0.57160595,5.62443,1,2,2,4,2,0,5.411318665187308,4.652814444004869,0.3250599242158308,3.8475820172533135,3.7603232056116593,3.758433187849871,3.6353468710180414,0.1327944388197108,0.12974921180480786,0.12535836445938794,0.12486368214054885,0.11426817450480595,0.03641206345699159,0.0259377885725934,0.011758628039286664,0.0,0.0,0.0,0.0,0.0,0.0,13.608187828142038,12.057313715592361,0.6227638425181883,0.6109369784369795,0.22755072715937716,0.06661861964053482,0.07539772793186918,0.06222370727565885,0.02160807856261868,0.02040707335754958,0.008470206621099713,0.007465982210884898,0.007105126486744544,0.004115693335683837,0.0,0.0,0.0,0.0,1.0739357634684492
173,Ag,ch3chcooh,6.82805595,0.57160595,5.62443,1,0,2,4,2,1,5.811449551201303,4.4966598402916835,0.337930907663396,3.787747815230527,3.77094212166775,3.7539692525742674,3.657215695646201,0.2506594120828416,0.15378463888746602,0.126254170913991,0.12283175790499762,0.12167911559024508,0.11457522172937927,0.03157653020830724,0.030832753541134662,0.018568261447841718,0.012050310988844713,0.00826365748438952,0.0,0.0,0.0,14.984886042674392,10.026917217907675,0.6431462520909407,0.5752409091408116,0.2985004449662263,0.06555094761864393,8.852204763288213,0.14558426636762584,0.0624949613708705,0.06029751213398608,0.042105960047421925,0.022886204328628538,0.009547276308883641,0.00760775252110291,0.0068689775226784405,0.004013374587596823,0.0,0.0,1.1071100207974875
174,Ag,chch,6.82805595,0.57160595,5.62443,2,0,1,2,0,0,8.911672159994948,0.0,0.0,3.830955358804301,3.82587896935212,0.1257859750192728,0.12573442853757025,0.0,0.0,0.0,0.0,0.0,0.0,0.0,0.0,0.0,0.0,0.0,0.0,0.0,0.0,0.0,0.0,0.0,0.0,0.0,0.0,0.0,0.0,0.0,0.0,0.0,0.0,0.0,0.0,0.0,0.0,0.0,0.0,0.0
175,Ag,chchco,6.82805595,0.57160595,5.62443,3,0,2,2,1,0,7.824047192052389,5.19950528932559,0.3623674939143816,3.7865160985357393,3.739542120714252,0.16315959764259494,0.1301963787435218,0.12879081173059573,0.012422516427478205,0.0,0.0,0.0,0.0,0.0,0.0,0.0,0.0,0.0,0.0,0.0,0.0,18.529315307571977,0.6222777442227089,0.07735617532075148,0.0,0.0,0.0,0.06789846918677961,0.004631919572134976,0.0,0.0,0.0,0.0,0.0,0.0,0.0,0.0,0.0,0.0,0.0
176,Ag,chchcooh,6.82805595,0.57160595,5.62443,2,0,2,2,2,1,7.6572630960329695,5.4935557730697,0.3495775670608401,3.802437200572148,3.7262699948080242,0.24728385038311665,0.17765846362581905,0.13578868018883,0.13571631436489295,0.01894181971757183,0.012893203812426713,0.0036808990593786813,0.0,0.0,0.0,0.0,0.0,0.0,0.0,0.0,0.0,16.320736435329266,10.183925091849963,0.6951200404900266,0.5580357634710901,0.17664489457405208,0.07471382613809574,8.840260237355832,0.13734754553504647,0.10159926304858596,0.020037008767065257,0.006738687595685492,0.0052318250572300174,0.0,0.0,0.0,0.0,0.0,0.0,1.1136736822898947
177,Ag,co,6.82805595,0.57160595,5.62443,1,0,0,0,1,0,0.0,0.0,0.0,0.0,0.0,0.0,0.0,0.0,0.0,0.0,0.0,0.0,0.0,0.0,0.0,0.0,0.0,0.0,0.0,0.0,0.0,23.957565825260268,0.0,0.0,0.0,0.0,0.0,0.0,0.0,0.0,0.0,0.0,0.0,0.0,0.0,0.0,0.0,0.0,0.0,0.0
178,Ag,co2,6.82805595,0.57160595,5.62443,0,0,0,0,2,0,0.0,0.0,0.0,0.0,0.0,0.0,0.0,0.0,0.0,0.0,0.0,0.0,0.0,0.0,0.0,0.0,0.0,0.0,0.0,0.0,0.0,21.35896283012175,21.358712319926923,0.0,0.0,0.0,0.0,0.0,0.0,0.0,0.0,0.0,0.0,0.0,0.0,0.0,0.0,0.0,0.0,0.8899523595245813
179,Ag,cooh,6.82805595,0.57160595,5.62443,1,0,0,0,2,1,0.0,0.0,0.0,0.2411846546794149,0.0,0.0,0.0,0.0,0.0,0.0,0.0,0.0,0.0,0.0,0.0,0.0,0.0,0.0,0.0,0.0,0.0,16.382463330881787,10.518422111178516,0.0,0.0,0.0,0.0,8.410077274134167,0.13448879586561505,0.0,0.0,0.0,0.0,0.0,0.0,0.0,0.0,0.0,0.0,1.1311589305762701
180,Ag,h2o,6.82805595,0.57160595,5.62443,0,0,0,0,0,2,0.0,0.0,0.0,0.0,0.0,0.0,0.0,0.0,0.0,0.0,0.0,0.0,0.0,0.0,0.0,0.0,0.0,0.0,0.0,0.0,0.0,0.0,0.0,0.0,0.0,0.0,0.0,9.038625477909427,9.029159446853315,0.0,0.0,0.0,0.0,0.0,0.0,0.0,0.0,0.0,0.0,0.0
181,Ag,oh,6.82805595,0.57160595,5.62443,0,1,0,0,0,1,0.0,0.0,0.0,0.0,0.0,0.0,0.0,0.0,0.0,0.0,0.0,0.0,0.0,0.0,0.0,0.0,0.0,0.0,0.0,0.0,0.0,0.0,0.0,0.0,0.0,0.0,0.0,9.13413215214942,0.0,0.0,0.0,0.0,0.0,0.0,0.0,0.0,0.0,0.0,0.0,0.0
182,Cu,ch2c,5.93481697,0.04321697,4.10581,2,0,1,2,0,0,8.168648155488645,0.0,0.0,3.809159815909098,3.8086004474102544,0.13438739041317302,0.13435705803592288,0.0,0.0,0.0,0.0,0.0,0.0,0.0,0.0,0.0,0.0,0.0,0.0,0.0,0.0,0.0,0.0,0.0,0.0,0.0,0.0,0.0,0.0,0.0,0.0,0.0,0.0,0.0,0.0,0.0,0.0,0.0,0.0,0.0
183,Cu,ch2ch,5.93481697,0.04321697,4.10581,2,0,1,3,0,0,7.7637389520610975,0.0,0.0,3.837422318838089,3.7949898417825536,3.5519185408714717,0.1689854968050011,0.13169789180313002,0.1287339426347614,0.0,0.0,0.0,0.0,0.0,0.0,0.0,0.0,0.0,0.0,0.0,0.0,0.0,0.0,0.0,0.0,0.0,0.0,0.0,0.0,0.0,0.0,0.0,0.0,0.0,0.0,0.0,0.0,0.0,0.0,0.0
184,Cu,ch2ch2,5.93481697,0.04321697,4.10581,2,0,1,4,0,0,7.369994467690767,0.0,0.0,3.887466279933812,3.8874016457420977,3.8865796877590655,3.885791415746274,0.1307454991751381,0.13074222336699998,0.1307367255812943,0.13071344006163316,0.0,0.0,0.0,0.0,0.0,0.0,0.0,0.0,0.0,0.0,0.0,0.0,0.0,0.0,0.0,0.0,0.0,0.0,0.0,0.0,0.0,0.0,0.0,0.0,0.0,0.0,0.0,0.0,0.0
185,Cu,ch2chco,5.93481697,0.04321697,4.10581,3,1,2,3,1,0,8.364378316805853,5.25679776431657,0.3840111511697238,3.9031795507296096,3.8068019806223847,3.8065048716144063,0.13970316931326912,0.1386131924260779,0.13854174521044882,0.12466739298213415,0.03910357048111501,0.011852938298941792,0.0,0.0,0.0,0.0,0.0,0.0,0.0,0.0,0.0,14.859517356724265,0.7029208318462805,0.08247655080459827,0.0,0.0,0.0,0.08233039585785297,0.008036625233223672,0.004574816217417056,0.0,0.0,0.0,0.0,0.0,0.0,0.0,0.0,0.0,0.0
186,Cu,ch2chcooh,5.93481697,0.04321697,4.10581,2,0,2,3,2,1,8.418863652616269,5.198666517517957,0.40502054280373795,3.917499796991508,3.9011107034203714,3.890130927559708,0.22915826065516656,0.142251049904415,0.14109778011699914,0.13715266816503985,0.12069525608145125,0.0430623458164544,0.017460734909050975,0.012231252480455108,0.003816283129792178,0.0,0.0,0.0,0.0,0.0,0.0,16.089664793859452,11.263131115081153,0.68335803988749,0.6107870760347927,0.2516944306034786,0.08093153404512313,7.814880460364593,0.10758697063264876,0.0847207526520496,0.0700584591464631,0.01983048699713917,0.008357870235125577,0.007935765567251276,0.004546217646109907,0.0,0.0,0.0,0.0,1.0432960778525209
187,Cu,ch3c,5.93481697,0.04321697,4.10581,1,0,1,3,0,0,4.8844476553578415,0.0,0.0,3.697358670473876,3.695701709987625,3.6955003517788674,0.12961076881316652,0.12957410632405567,0.12956518181916854,0.0,0.0,0.0,0.0,0.0,0.0,0.0,0.0,0.0,0.0,0.0,0.0,0.0,0.0,0.0,0.0,0.0,0.0,0.0,0.0,0.0,0.0,0.0,0.0,0.0,0.0,0.0,0.0,0.0,0.0,0.0
188,Cu,ch3cco,5.93481697,0.04321697,4.10581,2,0,2,3,1,0,8.703713544949705,4.210804064053861,0.4167193856653954,3.733993561539416,3.7328884686020936,3.663048156446079,0.11916729270331708,0.11910147569927045,0.11791754734306226,0.037056040774174535,0.03643411742684712,0.01389473249501668,0.0,0.0,0.0,0.0,0.0,0.0,0.0,0.0,0.0,20.65274456382811,0.4801552022919424,0.09603808509609756,0.0,0.0,0.0,0.013119218355425288,0.012864542804595943,0.004475299159878357,0.0,0.0,0.0,0.0,0.0,0.0,0.0,0.0,0.0,0.0
189,Cu,ch3ccoo,5.93481697,0.04321697,4.10581,1,1,2,3,2,0,4.828825737770272,4.415010790226171,0.3844817887729731,3.7323288732429285,3.682658708358353,3.610553939129265,0.12861328258442128,0.12232110125051605,0.11114952468897553,0.045899052422511764,0.03361985105394013,0.01198009563964509,0.0,0.0,0.0,0.0,0.0,0.0,0.0,0.0,0.0,17.618020222371367,9.24082694818035,0.5937010335395512,0.555133157088913,0.3033186498226384,0.06465766928352981,0.07259216651688646,0.04253481127144863,0.009458850830991631,0.00814795652143988,0.006695982331342212,0.00377309187150521,0.0,0.0,0.0,0.0,0.0,0.0,1.075929161546627
190,Cu,ch3ccooh,5.93481697,0.04321697,4.10581,1,1,2,3,2,1,6.075836394011606,4.351113092881628,0.3925130346365174,3.7037322221605873,3.7026677213483055,3.545151845631461,0.2501962837818693,0.12013817739637365,0.12001645283637925,0.11176731050230393,0.03670512270313467,0.03668459838634502,0.018483222758280318,0.012392127686636568,0.009532523738355923,0.0,0.0,0.0,0.0,0.0,0.0,13.838940182871587,10.164925454986985,0.6315476072350631,0.5589717297244912,0.364245096148154,0.06808040878204817,8.87531151840268,0.15750815342482144,0.06516321736036647,0.06454948781307426,0.010592752291505643,0.0077646181179500985,0.007746474394124786,0.0038176817019069343,0.0,0.0,0.0,0.0,1.1483002803679587
191,Cu,ch3ch,5.93481697,0.04321697,4.10581,1,0,1,4,0,0,4.435304048025066,0.0,0.0,3.7580842083291315,3.6665465590975015,3.6652025227485763,3.2579954363584145,0.14698809972471286,0.12478765327559532,0.12456553565698544,0.11812364315687834,0.0,0.0,0.0,0.0,0.0,0.0,0.0,0.0,0.0,0.0,0.0,0.0,0.0,0.0,0.0,0.0,0.0,0.0,0.0,0.0,0.0,0.0,0.0,0.0,0.0,0.0,0.0,0.0,0.0
192,Cu,ch3ch2,5.93481697,0.04321697,4.10581,1,0,1,5,0,0,4.3849893495005805,0.0,0.0,3.748294471008333,3.7478253063636,3.737916524678058,3.7347239173343687,3.6261748303398615,0.12611734429616694,0.12165146954980445,0.12134845672877505,0.11849802017980965,0.11840451395421125,0.0,0.0,0.0,0.0,0.0,0.0,0.0,0.0,0.0,0.0,0.0,0.0,0.0,0.0,0.0,0.0,0.0,0.0,0.0,0.0,0.0,0.0,0.0,0.0,0.0,0.0,0.0
193,Cu,ch3ch2co,5.93481697,0.04321697,4.10581,1,1,2,5,1,0,4.568687431074667,4.356196783778735,0.3191295976387453,3.7707826974720735,3.770154528864724,3.761432794022284,3.6586999318274014,3.6571348778273705,0.14722083850604015,0.1469185019541487,0.12675107954378412,0.12222004997220848,0.12221678406533215,0.1175056409897328,0.1174994367001396,0.03145198073120477,0.031357975205928486,0.011370955251272656,0.0,0.0,0.0,15.940047154903624,0.6140808401553335,0.2722730950377825,0.0,0.0,0.0,0.04629962986820647,0.046183278663608635,0.028523531152510807,0.028505741662022393,0.00892836128765119,0.0,0.0,0.0,0.0,0.0,0.0,0.0,0.0
194,Cu,ch3ch2coo,5.93481697,0.04321697,4.10581,0,2,2,5,2,0,4.451412278381126,4.3820979756473335,0.3192321241395574,3.772048166714598,3.7703543073588857,3.7509836335011153,3.703911695574232,3.6964685342550285,0.14253714086650507,0.14175889332002234,0.12629653317991066,0.1226079409001916,0.12259741826925452,0.12156954350611955,0.12121215600650735,0.031689772521384114,0.031525561037963085,0.011293150519197577,0.0,0.0,0.0,14.218304185474059,14.027213966201721,0.6286675790197275,0.5973853241507439,0.28189068596596234,0.06695825196976363,0.06717844525769961,0.06468574852084312,0.05005403075859194,0.04773326431005337,0.02814073397773809,0.02715152968896712,0.009106704105989565,0.00738897808720819,0.007286399816345306,0.0041699339855075426,0.0,0.0,1.0656056594844832
195,Cu,ch3ch2cooh,5.93481697,0.04321697,4.10581,0,0,2,5,2,1,4.624452518192584,4.3598351206497385,0.31449771589250164,3.783004595215977,3.770563996521855,3.7670426840425058,3.7223338652132303,3.675241858138212,0.2309404988482261,0.15000183007706056,0.1473894060157906,0.12734391310155999,0.12216348456588992,0.12183546223049145,0.12161594118768652,0.119790441444969,0.030706445453397506,0.030437798296928567,0.01615858927766266,0.01133357717523182,0.007877102009006319,16.25623268562119,11.509108599782488,0.6098101678918595,0.6033430456428828,0.29640895390589644,0.06686483100945219,7.747696651890704,0.10932566062273162,0.06884021403105296,0.058698896814845934,0.05522092234020557,0.04453857743546588,0.03139141643902032,0.025077226621103826,0.009483689940563318,0.007743446521556778,0.007066238605044564,0.004129940948800088,1.063007234702105
196,Cu,ch3ch3,5.93481697,0.04321697,4.10581,0,0,1,6,0,0,4.343992370919465,0.0,0.0,3.740397332949968,3.739542642937833,3.738656357463716,3.7328494295160097,3.726694421068732,3.7022600942542487,0.1209303540642682,0.1209116095571406,0.12085682684700433,0.1208377982217046,0.120725544447187,0.12064426027349315,0.0,0.0,0.0,0.0,0.0,0.0,0.0,0.0,0.0,0.0,0.0,0.0,0.0,0.0,0.0,0.0,0.0,0.0,0.0,0.0,0.0,0.0,0.0,0.0,0.0
197,Cu,ch3chco,5.93481697,0.04321697,4.10581,2,0,2,4,1,0,6.708580380987848,4.6794293702732865,0.3332402167156898,3.820661011673043,3.777427915672519,3.758115082420312,3.677504281472937,0.1376475685758798,0.12919381916985834,0.12902528327807986,0.12764178559832134,0.10877346381736863,0.03951015838907642,0.021997335638581524,0.013043222880976623,0.0,0.0,0.0,0.0,0.0,0.0,13.139066465027867,0.6150028358670732,0.20913051269180125,0.0,0.0,0.0,0.057440502751431526,0.01999520650742988,0.0183214344126954,0.008242567594398353,0.0,0.0,0.0,0.0,0.0,0.0,0.0,0.0,0.0
198,Cu,ch3chcoo,5.93481697,0.04321697,4.10581,1,2,2,4,2,0,5.823507753129669,4.616762640524517,0.33081393158391925,3.829808614964034,3.756304924734114,3.74811208107262,3.6615856184188393,0.13757484874708698,0.12971252952205775,0.12483732073924135,0.12457843449074325,0.1131473454852584,0.03774642645370116,0.02495045596709325,0.01212391409484942,0.0,0.0,0.0,0.0,0.0,0.0,13.121371994452733,10.993341840879957,0.6192577942250046,0.6061034809501571,0.22135951824224,0.06482599432051564,0.0752430837155808,0.06253088746144404,0.020266046287448675,0.01975613253745006,0.008476302212974867,0.0070470175869769515,0.0069738511671415355,0.004083890259255259,0.0,0.0,0.0,0.0,1.0413656993096188
199,Cu,ch3chcooh,5.93481697,0.04321697,4.10581,1,0,2,4,2,1,5.815286431343196,4.452173212841129,0.34243180577253296,3.7668326706997752,3.7513289705198343,3.718454532578352,3.6716954511887385,0.2515552751415295,0.15735488693330282,0.12569640550737274,0.12205476101077675,0.12183650603966713,0.11607528000463538,0.03178670328275834,0.031752803196039674,0.018373109316060933,0.012125468976563298,0.008226104993223774,0.0,0.0,0.0,14.451004954845494,10.481080451512993,0.6365759970063721,0.5765779677478193,0.29809814882632596,0.06526635812998928,8.824142521927898,0.14541585264312284,0.06208684548301618,0.05660610041312456,0.045086747682052924,0.02401399473059116,0.00949579783655308,0.0075195752713287985,0.006897456806813536,0.004005077255301112,0.0,0.0,1.1227492459367443
200,Cu,chch,5.93481697,0.04321697,4.10581,2,0,1,2,0,0,7.2502732220792865,0.0,0.0,3.7647415173904095,3.762808032294772,0.12887866797493405,0.12881388144312658,0.0,0.0,0.0,0.0,0.0,0.0,0.0,0.0,0.0,0.0,0.0,0.0,0.0,0.0,0.0,0.0,0.0,0.0,0.0,0.0,0.0,0.0,0.0,0.0,0.0,0.0,0.0,0.0,0.0,0.0,0.0,0.0,0.0
201,Cu,chchco,5.93481697,0.04321697,4.10581,3,0,2,2,1,0,7.280650657844005,5.310067901254414,0.3624856621604153,3.7451885126847912,3.6227353513454665,0.16734516547986358,0.1268488806247297,0.12482834562240352,0.012704439532145851,0.0,0.0,0.0,0.0,0.0,0.0,0.0,0.0,0.0,0.0,0.0,0.0,17.83560995990005,0.6360572193098505,0.07675336672462678,0.0,0.0,0.0,0.06750654379838994,0.004740454517440546,0.0,0.0,0.0,0.0,0.0,0.0,0.0,0.0,0.0,0.0,0.0
202,Cu,chchcooh,5.93481697,0.04321697,4.10581,2,0,2,2,2,1,7.135381644691589,5.876747585165711,0.3611939007977853,3.8406963251093855,3.4049110615215183,0.2477183491552403,0.18526737381416847,0.13814701660991824,0.129315597753635,0.019067858854434416,0.01356109630252092,0.003707070660893082,0.0,0.0,0.0,0.0,0.0,0.0,0.0,0.0,0.0,15.385589623866947,10.373095983894675,0.6925032193452038,0.5697327669163088,0.18715650309092025,0.07370800304808535,8.863377720067799,0.14101777697818105,0.09572230122331972,0.01993886026921519,0.0069895497490220036,0.0053139265769438174,0.0,0.0,0.0,0.0,0.0,0.0,1.1256606858548523
203,Cu,co,5.93481697,0.04321697,4.10581,1,0,0,0,1,0,0.0,0.0,0.0,0.0,0.0,0.0,0.0,0.0,0.0,0.0,0.0,0.0,0.0,0.0,0.0,0.0,0.0,0.0,0.0,0.0,0.0,20.81405808682642,0.0,0.0,0.0,0.0,0.0,0.0,0.0,0.0,0.0,0.0,0.0,0.0,0.0,0.0,0.0,0.0,0.0,0.0
204,Cu,co2,5.93481697,0.04321697,4.10581,0,0,0,0,2,0,0.0,0.0,0.0,0.0,0.0,0.0,0.0,0.0,0.0,0.0,0.0,0.0,0.0,0.0,0.0,0.0,0.0,0.0,0.0,0.0,0.0,21.368164178176986,21.365239295617858,0.0,0.0,0.0,0.0,0.0,0.0,0.0,0.0,0.0,0.0,0.0,0.0,0.0,0.0,0.0,0.0,0.8902799678089001
205,Cu,cooh,5.93481697,0.04321697,4.10581,1,0,0,0,2,1,0.0,0.0,0.0,0.2434814057470544,0.0,0.0,0.0,0.0,0.0,0.0,0.0,0.0,0.0,0.0,0.0,0.0,0.0,0.0,0.0,0.0,0.0,15.065012100231185,10.901486065962589,0.0,0.0,0.0,0.0,8.448287950781053,0.140702755436763,0.0,0.0,0.0,0.0,0.0,0.0,0.0,0.0,0.0,0.0,1.1547543169872505
206,Cu,h2o,5.93481697,0.04321697,4.10581,0,0,0,0,0,2,0.0,0.0,0.0,0.0,0.0,0.0,0.0,0.0,0.0,0.0,0.0,0.0,0.0,0.0,0.0,0.0,0.0,0.0,0.0,0.0,0.0,0.0,0.0,0.0,0.0,0.0,0.0,8.970272023771635,8.96672284297429,0.0,0.0,0.0,0.0,0.0,0.0,0.0,0.0,0.0,0.0,0.0
207,Cu,oh,5.93481697,0.04321697,4.10581,0,1,0,0,0,1,0.0,0.0,0.0,0.0,0.0,0.0,0.0,0.0,0.0,0.0,0.0,0.0,0.0,0.0,0.0,0.0,0.0,0.0,0.0,0.0,0.0,0.0,0.0,0.0,0.0,0.0,0.0,9.164160154593194,0.0,0.0,0.0,0.0,0.0,0.0,0.0,0.0,0.0,0.0,0.0,0.0
